conf,conv,interest,length,rule,rule_no,supp
1.0,0.9797555088374991,49.39615384615385,2,[u'#sunbeltbakery']==>[u'#granola'],1,0.019948610137818266
0.9853846153846154,0.9945876712106451,49.396153846153844,2,[u'#granola']==>[u'#sunbeltbakery'],2,0.019948610137818266
0.9901923076923077,0.9266464663318857,12.010804502920577,2,[u'#granola']==>[u'#recipe'],3,0.020045939422253366
0.9888203546646106,0.9908326666372214,48.843922365221516,2,[u'#bananabread']==>[u'#granola'],4,0.019971969166082692
0.9865384615384616,0.9931718479237709,48.843922365221516,2,[u'#granola']==>[u'#bananabread'],5,0.019971969166082692
0.9876638396299152,0.9916381304194785,47.956773884185246,2,[u'#bananabread']==>[u'#contest'],6,0.019948610137818266
0.9686200378071833,1.0115444536044902,47.95677388418525,2,[u'#contest']==>[u'#bananabread'],7,0.019948610137818266
0.9876638396299152,0.9922924688924666,49.51040863531226,2,[u'#bananabread']==>[u'#sunbeltbakery'],8,0.019948610137818266
1.0,0.9798022268940279,49.51040863531227,2,[u'#sunbeltbakery']==>[u'#bananabread'],9,0.019948610137818266
0.9957594448727833,0.9214657291343272,12.078332593975402,2,[u'#bananabread']==>[u'#recipe'],10,0.020112123335669235
0.9853846153846154,0.9939318192330933,47.84610440599098,2,[u'#granola']==>[u'#contest'],11,0.019948610137818266
0.9686200378071833,1.0114962220433978,47.846104405990985,2,[u'#contest']==>[u'#granola'],12,0.019948610137818266
1.0,0.9794051234135327,48.555765595463136,2,[u'#sunbeltbakery']==>[u'#contest'],13,0.019948610137818266
0.9686200378071833,1.0118016885969832,48.555765595463136,2,[u'#contest']==>[u'#sunbeltbakery'],14,0.019948610137818266
0.9718336483931947,0.9441515062059848,11.788118196367396,2,[u'#contest']==>[u'#recipe'],15,0.020014794051234134
0.9998048780487805,0.9799467179531972,49.38651557223264,2,[u'#bakeryfreshfriends']==>[u'#granola'],16,0.019948610137818266
0.9853846153846154,0.9945837202951177,49.38651557223264,2,[u'#granola']==>[u'#bakeryfreshfriends'],17,0.019948610137818266
0.9998048780487805,0.9799934451272234,49.50074806777366,2,[u'#bakeryfreshfriends']==>[u'#bananabread'],18,0.019948610137818266
0.9876638396299152,0.9922885270944366,49.50074806777366,2,[u'#bananabread']==>[u'#bakeryfreshfriends'],19,0.019948610137818266
0.9998048780487805,0.9795962641480006,48.546291299737184,2,[u'#bakeryfreshfriends']==>[u'#contest'],20,0.019948610137818266
0.9686200378071833,1.0117976693002255,48.54629129973719,2,[u'#contest']==>[u'#bakeryfreshfriends'],21,0.019948610137818266
0.9998048780487805,0.9802426567220299,50.119024390243894,2,[u'#bakeryfreshfriends']==>[u'#sunbeltbakery'],22,0.019948610137818266
1.0,0.9800474966908044,50.1190243902439,2,[u'#sunbeltbakery']==>[u'#bakeryfreshfriends'],23,0.019948610137818266
0.9998048780487805,0.9177372735996239,12.127402766131928,2,[u'#bakeryfreshfriends']==>[u'#recipe'],24,0.019948610137818266
1.0,0.9175582029120922,12.129769550434453,2,[u'#sunbeltbakery']==>[u'#recipe'],25,0.019948610137818266
0.7360148898769517,1.0839882650691604,3.64060129434023,2,[u'#recipes']==>[u'#food'],26,0.027711593864361908
1.0,0.9799540605777466,49.885414643620116,3,"[u'#sunbeltbakery']==>[u'#granola', u'#recipe']",27,0.019948610137818266
0.9853846153846154,0.9945876712106451,49.396153846153844,3,"[u'#granola']==>[u'#recipe', u'#sunbeltbakery']",28,0.019948610137818266
0.9951446882889882,0.9848330613583868,49.885414643620116,3,"[u'#granola', u'#recipe']==>[u'#sunbeltbakery']",29,0.019948610137818266
1.0,0.9797555088374991,49.39615384615385,3,"[u'#recipe', u'#sunbeltbakery']==>[u'#granola']",30,0.019948610137818266
1.0,0.9175582029120922,12.129769550434453,3,"[u'#granola', u'#sunbeltbakery']==>[u'#recipe']",31,0.019948610137818266
0.9876638396299152,0.9922924688924666,49.51040863531226,3,"[u'#bananabread']==>[u'#granola', u'#sunbeltbakery']",32,0.019948610137818266
0.9853846153846154,0.9945876712106451,49.396153846153844,3,"[u'#granola']==>[u'#bananabread', u'#sunbeltbakery']",33,0.019948610137818266
1.0,0.9800280308339173,50.07017543859649,3,"[u'#sunbeltbakery']==>[u'#bananabread', u'#granola']",34,0.019948610137818266
0.9988304093567252,0.981198991021271,50.070175438596486,3,"[u'#bananabread', u'#granola']==>[u'#sunbeltbakery']",35,0.019948610137818266
1.0,0.9798022268940279,49.51040863531227,3,"[u'#granola', u'#sunbeltbakery']==>[u'#bananabread']",36,0.019948610137818266
1.0,0.9797555088374991,49.39615384615385,3,"[u'#bananabread', u'#sunbeltbakery']==>[u'#granola']",37,0.019948610137818266
0.9888203546646106,0.991033463211959,49.32771340049561,3,"[u'#bananabread']==>[u'#granola', u'#recipe']",38,0.019971969166082692
0.9865384615384616,0.9932586664043898,49.051929777539534,3,"[u'#granola']==>[u'#bananabread', u'#recipe']",39,0.019971969166082692
0.996309963099631,0.9834311240306723,49.32771340049561,3,"[u'#granola', u'#recipe']==>[u'#bananabread']",40,0.019971969166082692
1.0,0.9175582029120922,12.129769550434455,3,"[u'#bananabread', u'#granola']==>[u'#recipe']",41,0.019971969166082692
0.9930313588850174,0.9866309860924991,49.051929777539534,3,"[u'#bananabread', u'#recipe']==>[u'#granola']",42,0.019971969166082692
0.9876638396299152,0.9922924688924666,49.51040863531226,3,"[u'#bananabread']==>[u'#contest', u'#granola']",43,0.019948610137818266
0.9853846153846154,0.9945876712106451,49.396153846153844,3,"[u'#granola']==>[u'#bananabread', u'#contest']",44,0.019948610137818266
0.9686200378071833,1.0117775728164369,48.498975226345635,3,"[u'#contest']==>[u'#bananabread', u'#granola']",45,0.019948610137818266
1.0,0.9798022268940279,49.51040863531227,3,"[u'#contest', u'#granola']==>[u'#bananabread']",46,0.019948610137818266
0.9988304093567252,0.98055196782034,48.49897522634563,3,"[u'#bananabread', u'#granola']==>[u'#contest']",47,0.019948610137818266
1.0,0.9797555088374991,49.39615384615385,3,"[u'#bananabread', u'#contest']==>[u'#granola']",48,0.019948610137818266
0.9876638396299152,0.9922924688924666,49.51040863531226,3,"[u'#bananabread']==>[u'#contest', u'#sunbeltbakery']",49,0.019948610137818266
0.9686200378071833,1.0118016885969832,48.555765595463136,3,"[u'#contest']==>[u'#bananabread', u'#sunbeltbakery']",50,0.019948610137818266
1.0,0.9800513898621818,50.128805620608894,3,"[u'#sunbeltbakery']==>[u'#bananabread', u'#contest']",51,0.019948610137818266
1.0,0.9798022268940279,49.51040863531227,3,"[u'#contest', u'#sunbeltbakery']==>[u'#bananabread']",52,0.019948610137818266
1.0,0.9800513898621818,50.128805620608894,3,"[u'#bananabread', u'#contest']==>[u'#sunbeltbakery']",53,0.019948610137818266
1.0,0.9794051234135327,48.555765595463136,3,"[u'#bananabread', u'#sunbeltbakery']==>[u'#contest']",54,0.019948610137818266
0.9876638396299152,0.9922254583259557,49.34669010841081,3,"[u'#bananabread']==>[u'#contest', u'#recipe']",55,0.019948610137818266
0.9686200378071833,1.0116328781331596,48.1610032735488,3,"[u'#contest']==>[u'#bananabread', u'#recipe']",56,0.019948610137818266
0.991869918699187,0.9874330342611847,48.1610032735488,3,"[u'#bananabread', u'#recipe']==>[u'#contest']",57,0.019948610137818266
0.9966932503404007,0.9830529368583523,49.34669010841082,3,"[u'#contest', u'#recipe']==>[u'#bananabread']",58,0.019948610137818266
1.0,0.9175582029120922,12.129769550434453,3,"[u'#bananabread', u'#contest']==>[u'#recipe']",59,0.019948610137818266
0.9876638396299152,0.9922924688924666,49.51040863531226,3,"[u'#bananabread']==>[u'#recipe', u'#sunbeltbakery']",60,0.019948610137818266
1.0,0.9798878766643307,49.721254355400696,3,"[u'#sunbeltbakery']==>[u'#bananabread', u'#recipe']",61,0.019948610137818266
0.991869918699187,0.9880845979758063,49.721254355400696,3,"[u'#bananabread', u'#recipe']==>[u'#sunbeltbakery']",62,0.019948610137818266
1.0,0.9798022268940279,49.51040863531227,3,"[u'#recipe', u'#sunbeltbakery']==>[u'#bananabread']",63,0.019948610137818266
1.0,0.9175582029120922,12.129769550434453,3,"[u'#bananabread', u'#sunbeltbakery']==>[u'#recipe']",64,0.019948610137818266
1.0,0.9800513898621818,50.128805620608894,3,"[u'#sunbeltbakery']==>[u'#contest', u'#granola']",65,0.019948610137818266
0.9853846153846154,0.9945876712106451,49.396153846153844,3,"[u'#granola']==>[u'#contest', u'#sunbeltbakery']",66,0.019948610137818266
0.9686200378071833,1.0118016885969832,48.555765595463136,3,"[u'#contest']==>[u'#granola', u'#sunbeltbakery']",67,0.019948610137818266
1.0,0.9797555088374991,49.39615384615385,3,"[u'#contest', u'#sunbeltbakery']==>[u'#granola']",68,0.019948610137818266
1.0,0.9800513898621818,50.128805620608894,3,"[u'#contest', u'#granola']==>[u'#sunbeltbakery']",69,0.019948610137818266
1.0,0.9794051234135327,48.555765595463136,3,"[u'#granola', u'#sunbeltbakery']==>[u'#contest']",70,0.019948610137818266
0.9853846153846154,0.9945205056466788,49.232813131237556,3,"[u'#granola']==>[u'#contest', u'#recipe']",71,0.019948610137818266
0.9686200378071833,1.0117012061780406,48.320012218130344,3,"[u'#contest']==>[u'#granola', u'#recipe']",72,0.019948610137818266
0.9951446882889882,0.9841836417752302,48.320012218130344,3,"[u'#granola', u'#recipe']==>[u'#contest']",73,0.019948610137818266
1.0,0.9175582029120922,12.129769550434453,3,"[u'#contest', u'#granola']==>[u'#recipe']",74,0.019948610137818266
0.9966932503404007,0.9830060638043683,49.23281313123756,3,"[u'#contest', u'#recipe']==>[u'#granola']",75,0.019948610137818266
1.0,0.9799852059487658,49.96304220968683,3,"[u'#sunbeltbakery']==>[u'#contest', u'#recipe']",76,0.019948610137818266
0.9686200378071833,1.0118016885969832,48.555765595463136,3,"[u'#contest']==>[u'#recipe', u'#sunbeltbakery']",77,0.019948610137818266
1.0,0.9175582029120922,12.129769550434453,3,"[u'#contest', u'#sunbeltbakery']==>[u'#recipe']",78,0.019948610137818266
1.0,0.9794051234135327,48.555765595463136,3,"[u'#recipe', u'#sunbeltbakery']==>[u'#contest']",79,0.019948610137818266
0.9966932503404007,0.9833029264796012,49.96304220968683,3,"[u'#contest', u'#recipe']==>[u'#sunbeltbakery']",80,0.019948610137818266
0.9998048780487805,0.9802426567220299,50.119024390243894,3,"[u'#bakeryfreshfriends']==>[u'#granola', u'#sunbeltbakery']",81,0.019948610137818266
1.0,0.9800513898621818,50.128805620608894,3,"[u'#sunbeltbakery']==>[u'#bakeryfreshfriends', u'#granola']",82,0.019948610137818266
0.9853846153846154,0.9945876712106451,49.396153846153844,3,"[u'#granola']==>[u'#bakeryfreshfriends', u'#sunbeltbakery']",83,0.019948610137818266
1.0,0.9800513898621818,50.128805620608894,3,"[u'#bakeryfreshfriends', u'#granola']==>[u'#sunbeltbakery']",84,0.019948610137818266
1.0,0.9800474966908044,50.1190243902439,3,"[u'#granola', u'#sunbeltbakery']==>[u'#bakeryfreshfriends']",85,0.019948610137818266
1.0,0.9797555088374991,49.39615384615385,3,"[u'#bakeryfreshfriends', u'#sunbeltbakery']==>[u'#granola']",86,0.019948610137818266
0.9998048780487805,0.9801453084428086,49.87568090417746,3,"[u'#bakeryfreshfriends']==>[u'#granola', u'#recipe']",87,0.019948610137818266
0.9853846153846154,0.9945876712106451,49.396153846153844,3,"[u'#granola']==>[u'#bakeryfreshfriends', u'#recipe']",88,0.019948610137818266
0.9951446882889882,0.9848291491922232,49.875680904177464,3,"[u'#granola', u'#recipe']==>[u'#bakeryfreshfriends']",89,0.019948610137818266
1.0,0.9797555088374991,49.39615384615385,3,"[u'#bakeryfreshfriends', u'#recipe']==>[u'#granola']",90,0.019948610137818266
1.0,0.9175582029120922,12.129769550434453,3,"[u'#bakeryfreshfriends', u'#granola']==>[u'#recipe']",91,0.019948610137818266
0.9998048780487805,0.9802192931350169,50.06040564826701,3,"[u'#bakeryfreshfriends']==>[u'#bananabread', u'#granola']",92,0.019948610137818266
0.9876638396299152,0.9922924688924666,49.51040863531226,3,"[u'#bananabread']==>[u'#bakeryfreshfriends', u'#granola']",93,0.019948610137818266
0.9853846153846154,0.9945876712106451,49.396153846153844,3,"[u'#granola']==>[u'#bakeryfreshfriends', u'#bananabread']",94,0.019948610137818266
0.9988304093567252,0.9811950932911448,50.06040564826701,3,"[u'#bananabread', u'#granola']==>[u'#bakeryfreshfriends']",95,0.019948610137818266
1.0,0.9798022268940279,49.51040863531227,3,"[u'#bakeryfreshfriends', u'#granola']==>[u'#bananabread']",96,0.019948610137818266
1.0,0.9797555088374991,49.39615384615385,3,"[u'#bakeryfreshfriends', u'#bananabread']==>[u'#granola']",97,0.019948610137818266
0.9998048780487805,0.9802426567220299,50.119024390243894,3,"[u'#bakeryfreshfriends']==>[u'#bananabread', u'#contest']",98,0.019948610137818266
0.9876638396299152,0.9922924688924666,49.51040863531226,3,"[u'#bananabread']==>[u'#bakeryfreshfriends', u'#contest']",99,0.019948610137818266
0.9686200378071833,1.0118016885969832,48.555765595463136,3,"[u'#contest']==>[u'#bakeryfreshfriends', u'#bananabread']",100,0.019948610137818266
1.0,0.9800474966908044,50.1190243902439,3,"[u'#bananabread', u'#contest']==>[u'#bakeryfreshfriends']",101,0.019948610137818266
1.0,0.9794051234135327,48.555765595463136,3,"[u'#bakeryfreshfriends', u'#bananabread']==>[u'#contest']",102,0.019948610137818266
1.0,0.9798022268940279,49.51040863531227,3,"[u'#bakeryfreshfriends', u'#contest']==>[u'#bananabread']",103,0.019948610137818266
0.9998048780487805,0.9802426567220299,50.119024390243894,3,"[u'#bakeryfreshfriends']==>[u'#bananabread', u'#sunbeltbakery']",104,0.019948610137818266
0.9876638396299152,0.9922924688924666,49.51040863531226,3,"[u'#bananabread']==>[u'#bakeryfreshfriends', u'#sunbeltbakery']",105,0.019948610137818266
1.0,0.9800513898621818,50.128805620608894,3,"[u'#sunbeltbakery']==>[u'#bakeryfreshfriends', u'#bananabread']",106,0.019948610137818266
1.0,0.9798022268940279,49.51040863531227,3,"[u'#bakeryfreshfriends', u'#sunbeltbakery']==>[u'#bananabread']",107,0.019948610137818266
1.0,0.9800513898621818,50.128805620608894,3,"[u'#bakeryfreshfriends', u'#bananabread']==>[u'#sunbeltbakery']",108,0.019948610137818266
1.0,0.9800474966908044,50.1190243902439,3,"[u'#bananabread', u'#sunbeltbakery']==>[u'#bakeryfreshfriends']",109,0.019948610137818266
0.9998048780487805,0.9800791116129381,49.71155264723378,3,"[u'#bakeryfreshfriends']==>[u'#bananabread', u'#recipe']",110,0.019948610137818266
0.9876638396299152,0.9922924688924666,49.51040863531226,3,"[u'#bananabread']==>[u'#bakeryfreshfriends', u'#recipe']",111,0.019948610137818266
1.0,0.9798022268940279,49.51040863531227,3,"[u'#bakeryfreshfriends', u'#recipe']==>[u'#bananabread']",112,0.019948610137818266
0.991869918699187,0.988080672893188,49.711552647233795,3,"[u'#bananabread', u'#recipe']==>[u'#bakeryfreshfriends']",113,0.019948610137818266
1.0,0.9175582029120922,12.129769550434453,3,"[u'#bakeryfreshfriends', u'#bananabread']==>[u'#recipe']",114,0.019948610137818266
0.9998048780487805,0.9802426567220299,50.119024390243894,3,"[u'#bakeryfreshfriends']==>[u'#contest', u'#granola']",115,0.019948610137818266
0.9853846153846154,0.9945876712106451,49.396153846153844,3,"[u'#granola']==>[u'#bakeryfreshfriends', u'#contest']",116,0.019948610137818266
0.9686200378071833,1.0118016885969832,48.555765595463136,3,"[u'#contest']==>[u'#bakeryfreshfriends', u'#granola']",117,0.019948610137818266
1.0,0.9800474966908044,50.1190243902439,3,"[u'#contest', u'#granola']==>[u'#bakeryfreshfriends']",118,0.019948610137818266
1.0,0.9794051234135327,48.555765595463136,3,"[u'#bakeryfreshfriends', u'#granola']==>[u'#contest']",119,0.019948610137818266
1.0,0.9797555088374991,49.39615384615385,3,"[u'#bakeryfreshfriends', u'#contest']==>[u'#granola']",120,0.019948610137818266
0.9998048780487805,0.9802426567220299,50.119024390243894,3,"[u'#bakeryfreshfriends']==>[u'#contest', u'#sunbeltbakery']",121,0.019948610137818266
1.0,0.9800513898621818,50.128805620608894,3,"[u'#sunbeltbakery']==>[u'#bakeryfreshfriends', u'#contest']",122,0.019948610137818266
0.9686200378071833,1.0118016885969832,48.555765595463136,3,"[u'#contest']==>[u'#bakeryfreshfriends', u'#sunbeltbakery']",123,0.019948610137818266
1.0,0.9800474966908044,50.1190243902439,3,"[u'#contest', u'#sunbeltbakery']==>[u'#bakeryfreshfriends']",124,0.019948610137818266
1.0,0.9794051234135327,48.555765595463136,3,"[u'#bakeryfreshfriends', u'#sunbeltbakery']==>[u'#contest']",125,0.019948610137818266
1.0,0.9800513898621818,50.128805620608894,3,"[u'#bakeryfreshfriends', u'#contest']==>[u'#sunbeltbakery']",126,0.019948610137818266
0.9998048780487805,0.9801764598921594,49.95329332340201,3,"[u'#bakeryfreshfriends']==>[u'#contest', u'#recipe']",127,0.019948610137818266
0.9686200378071833,1.0118016885969832,48.555765595463136,3,"[u'#contest']==>[u'#bakeryfreshfriends', u'#recipe']",128,0.019948610137818266
1.0,0.9794051234135327,48.555765595463136,3,"[u'#bakeryfreshfriends', u'#recipe']==>[u'#contest']",129,0.019948610137818266
0.9966932503404007,0.9832990203917692,49.953293323402015,3,"[u'#contest', u'#recipe']==>[u'#bakeryfreshfriends']",130,0.019948610137818266
1.0,0.9175582029120922,12.129769550434453,3,"[u'#bakeryfreshfriends', u'#contest']==>[u'#recipe']",131,0.019948610137818266
0.9998048780487805,0.9802426567220299,50.119024390243894,3,"[u'#bakeryfreshfriends']==>[u'#recipe', u'#sunbeltbakery']",132,0.019948610137818266
1.0,0.9800513898621818,50.128805620608894,3,"[u'#sunbeltbakery']==>[u'#bakeryfreshfriends', u'#recipe']",133,0.019948610137818266
1.0,0.9800513898621818,50.128805620608894,3,"[u'#bakeryfreshfriends', u'#recipe']==>[u'#sunbeltbakery']",134,0.019948610137818266
1.0,0.9800474966908044,50.1190243902439,3,"[u'#recipe', u'#sunbeltbakery']==>[u'#bakeryfreshfriends']",135,0.019948610137818266
1.0,0.9175582029120922,12.129769550434453,3,"[u'#bakeryfreshfriends', u'#sunbeltbakery']==>[u'#recipe']",136,0.019948610137818266
0.9876638396299152,0.9922924688924666,49.51040863531226,4,"[u'#bananabread']==>[u'#granola', u'#recipe', u'#sunbeltbakery']",137,0.019948610137818266
0.9853846153846154,0.9945876712106451,49.396153846153844,4,"[u'#granola']==>[u'#bananabread', u'#recipe', u'#sunbeltbakery']",138,0.019948610137818266
1.0,0.9800280308339173,50.07017543859649,4,"[u'#sunbeltbakery']==>[u'#bananabread', u'#granola', u'#recipe']",139,0.019948610137818266
0.9951446882889882,0.9848330613583868,49.885414643620116,4,"[u'#granola', u'#recipe']==>[u'#bananabread', u'#sunbeltbakery']",140,0.019948610137818266
0.9988304093567252,0.981198991021271,50.070175438596486,4,"[u'#bananabread', u'#granola']==>[u'#recipe', u'#sunbeltbakery']",141,0.019948610137818266
0.991869918699187,0.9880845979758063,49.721254355400696,4,"[u'#bananabread', u'#recipe']==>[u'#granola', u'#sunbeltbakery']",142,0.019948610137818266
1.0,0.9800280308339173,50.07017543859649,4,"[u'#recipe', u'#sunbeltbakery']==>[u'#bananabread', u'#granola']",143,0.019948610137818266
1.0,0.9798878766643307,49.721254355400696,4,"[u'#granola', u'#sunbeltbakery']==>[u'#bananabread', u'#recipe']",144,0.019948610137818266
1.0,0.9799540605777466,49.885414643620116,4,"[u'#bananabread', u'#sunbeltbakery']==>[u'#granola', u'#recipe']",145,0.019948610137818266
1.0,0.9798022268940279,49.51040863531227,4,"[u'#granola', u'#recipe', u'#sunbeltbakery']==>[u'#bananabread']",146,0.019948610137818266
1.0,0.9175582029120922,12.129769550434453,4,"[u'#bananabread', u'#granola', u'#sunbeltbakery']==>[u'#recipe']",147,0.019948610137818266
1.0,0.9797555088374991,49.39615384615385,4,"[u'#bananabread', u'#recipe', u'#sunbeltbakery']==>[u'#granola']",148,0.019948610137818266
0.9988304093567252,0.981198991021271,50.070175438596486,4,"[u'#bananabread', u'#granola', u'#recipe']==>[u'#sunbeltbakery']",149,0.019948610137818266
0.9876638396299152,0.9922924688924666,49.51040863531226,4,"[u'#bananabread']==>[u'#contest', u'#granola', u'#sunbeltbakery']",150,0.019948610137818266
0.9853846153846154,0.9945876712106451,49.396153846153844,4,"[u'#granola']==>[u'#bananabread', u'#contest', u'#sunbeltbakery']",151,0.019948610137818266
0.9686200378071833,1.0118016885969832,48.555765595463136,4,"[u'#contest']==>[u'#bananabread', u'#granola', u'#sunbeltbakery']",152,0.019948610137818266
1.0,0.9800513898621818,50.128805620608894,4,"[u'#sunbeltbakery']==>[u'#bananabread', u'#contest', u'#granola']",153,0.019948610137818266
1.0,0.9800513898621818,50.128805620608894,4,"[u'#contest', u'#granola']==>[u'#bananabread', u'#sunbeltbakery']",154,0.019948610137818266
0.9988304093567252,0.981198991021271,50.070175438596486,4,"[u'#bananabread', u'#granola']==>[u'#contest', u'#sunbeltbakery']",155,0.019948610137818266
1.0,0.9800513898621818,50.128805620608894,4,"[u'#granola', u'#sunbeltbakery']==>[u'#bananabread', u'#contest']",156,0.019948610137818266
1.0,0.9800513898621818,50.128805620608894,4,"[u'#bananabread', u'#contest']==>[u'#granola', u'#sunbeltbakery']",157,0.019948610137818266
1.0,0.9800513898621818,50.128805620608894,4,"[u'#bananabread', u'#sunbeltbakery']==>[u'#contest', u'#granola']",158,0.019948610137818266
1.0,0.9800280308339173,50.07017543859649,4,"[u'#contest', u'#sunbeltbakery']==>[u'#bananabread', u'#granola']",159,0.019948610137818266
1.0,0.9794051234135327,48.555765595463136,4,"[u'#bananabread', u'#granola', u'#sunbeltbakery']==>[u'#contest']",160,0.019948610137818266
1.0,0.9798022268940279,49.51040863531227,4,"[u'#contest', u'#granola', u'#sunbeltbakery']==>[u'#bananabread']",161,0.019948610137818266
1.0,0.9797555088374991,49.39615384615385,4,"[u'#bananabread', u'#contest', u'#sunbeltbakery']==>[u'#granola']",162,0.019948610137818266
1.0,0.9800513898621818,50.128805620608894,4,"[u'#bananabread', u'#contest', u'#granola']==>[u'#sunbeltbakery']",163,0.019948610137818266
0.9876638396299152,0.9922924688924666,49.51040863531226,4,"[u'#bananabread']==>[u'#contest', u'#granola', u'#recipe']",164,0.019948610137818266
0.9853846153846154,0.9945876712106451,49.396153846153844,4,"[u'#granola']==>[u'#bananabread', u'#contest', u'#recipe']",165,0.019948610137818266
0.9686200378071833,1.0117775728164369,48.498975226345635,4,"[u'#contest']==>[u'#bananabread', u'#granola', u'#recipe']",166,0.019948610137818266
0.9951446882889882,0.9848330613583868,49.885414643620116,4,"[u'#granola', u'#recipe']==>[u'#bananabread', u'#contest']",167,0.019948610137818266
1.0,0.9798878766643307,49.721254355400696,4,"[u'#contest', u'#granola']==>[u'#bananabread', u'#recipe']",168,0.019948610137818266
0.9988304093567252,0.9811327296091273,49.904605903008836,4,"[u'#bananabread', u'#granola']==>[u'#contest', u'#recipe']",169,0.019948610137818266
0.991869918699187,0.9880845979758063,49.721254355400696,4,"[u'#bananabread', u'#recipe']==>[u'#contest', u'#granola']",170,0.019948610137818266
0.9966932503404007,0.983279489952609,49.904605903008836,4,"[u'#contest', u'#recipe']==>[u'#bananabread', u'#granola']",171,0.019948610137818266
1.0,0.9799540605777466,49.885414643620116,4,"[u'#bananabread', u'#contest']==>[u'#granola', u'#recipe']",172,0.019948610137818266
1.0,0.9797555088374991,49.39615384615385,4,"[u'#bananabread', u'#contest', u'#recipe']==>[u'#granola']",173,0.019948610137818266
1.0,0.9798022268940279,49.51040863531227,4,"[u'#contest', u'#granola', u'#recipe']==>[u'#bananabread']",174,0.019948610137818266
0.9988304093567252,0.98055196782034,48.49897522634563,4,"[u'#bananabread', u'#granola', u'#recipe']==>[u'#contest']",175,0.019948610137818266
1.0,0.9175582029120922,12.129769550434453,4,"[u'#bananabread', u'#contest', u'#granola']==>[u'#recipe']",176,0.019948610137818266
0.9876638396299152,0.9922924688924666,49.51040863531226,4,"[u'#bananabread']==>[u'#contest', u'#recipe', u'#sunbeltbakery']",177,0.019948610137818266
0.9686200378071833,1.0118016885969832,48.555765595463136,4,"[u'#contest']==>[u'#bananabread', u'#recipe', u'#sunbeltbakery']",178,0.019948610137818266
1.0,0.9800513898621818,50.128805620608894,4,"[u'#sunbeltbakery']==>[u'#bananabread', u'#contest', u'#recipe']",179,0.019948610137818266
0.991869918699187,0.9880845979758063,49.721254355400696,4,"[u'#bananabread', u'#recipe']==>[u'#contest', u'#sunbeltbakery']",180,0.019948610137818266
0.9966932503404007,0.9833029264796012,49.96304220968683,4,"[u'#contest', u'#recipe']==>[u'#bananabread', u'#sunbeltbakery']",181,0.019948610137818266
1.0,0.9800513898621818,50.128805620608894,4,"[u'#recipe', u'#sunbeltbakery']==>[u'#bananabread', u'#contest']",182,0.019948610137818266
1.0,0.9800513898621818,50.128805620608894,4,"[u'#bananabread', u'#contest']==>[u'#recipe', u'#sunbeltbakery']",183,0.019948610137818266
1.0,0.9799852059487658,49.96304220968683,4,"[u'#bananabread', u'#sunbeltbakery']==>[u'#contest', u'#recipe']",184,0.019948610137818266
1.0,0.9798878766643307,49.721254355400696,4,"[u'#contest', u'#sunbeltbakery']==>[u'#bananabread', u'#recipe']",185,0.019948610137818266
1.0,0.9800513898621818,50.128805620608894,4,"[u'#bananabread', u'#contest', u'#recipe']==>[u'#sunbeltbakery']",186,0.019948610137818266
1.0,0.9798022268940279,49.51040863531227,4,"[u'#contest', u'#recipe', u'#sunbeltbakery']==>[u'#bananabread']",187,0.019948610137818266
1.0,0.9794051234135327,48.555765595463136,4,"[u'#bananabread', u'#recipe', u'#sunbeltbakery']==>[u'#contest']",188,0.019948610137818266
1.0,0.9175582029120922,12.129769550434453,4,"[u'#bananabread', u'#contest', u'#sunbeltbakery']==>[u'#recipe']",189,0.019948610137818266
1.0,0.9800513898621818,50.128805620608894,4,"[u'#sunbeltbakery']==>[u'#contest', u'#granola', u'#recipe']",190,0.019948610137818266
0.9853846153846154,0.9945876712106451,49.396153846153844,4,"[u'#granola']==>[u'#contest', u'#recipe', u'#sunbeltbakery']",191,0.019948610137818266
0.9686200378071833,1.0118016885969832,48.555765595463136,4,"[u'#contest']==>[u'#granola', u'#recipe', u'#sunbeltbakery']",192,0.019948610137818266
0.9951446882889882,0.9848330613583868,49.885414643620116,4,"[u'#granola', u'#recipe']==>[u'#contest', u'#sunbeltbakery']",193,0.019948610137818266
1.0,0.9800513898621818,50.128805620608894,4,"[u'#contest', u'#granola']==>[u'#recipe', u'#sunbeltbakery']",194,0.019948610137818266
0.9966932503404007,0.9833029264796012,49.96304220968683,4,"[u'#contest', u'#recipe']==>[u'#granola', u'#sunbeltbakery']",195,0.019948610137818266
1.0,0.9800513898621818,50.128805620608894,4,"[u'#recipe', u'#sunbeltbakery']==>[u'#contest', u'#granola']",196,0.019948610137818266
1.0,0.9799852059487658,49.96304220968683,4,"[u'#granola', u'#sunbeltbakery']==>[u'#contest', u'#recipe']",197,0.019948610137818266
1.0,0.9799540605777466,49.885414643620116,4,"[u'#contest', u'#sunbeltbakery']==>[u'#granola', u'#recipe']",198,0.019948610137818266
1.0,0.9794051234135327,48.555765595463136,4,"[u'#granola', u'#recipe', u'#sunbeltbakery']==>[u'#contest']",199,0.019948610137818266
1.0,0.9175582029120922,12.129769550434453,4,"[u'#contest', u'#granola', u'#sunbeltbakery']==>[u'#recipe']",200,0.019948610137818266
1.0,0.9797555088374991,49.39615384615385,4,"[u'#contest', u'#recipe', u'#sunbeltbakery']==>[u'#granola']",201,0.019948610137818266
1.0,0.9800513898621818,50.128805620608894,4,"[u'#contest', u'#granola', u'#recipe']==>[u'#sunbeltbakery']",202,0.019948610137818266
0.9998048780487805,0.9802426567220299,50.119024390243894,4,"[u'#bakeryfreshfriends']==>[u'#granola', u'#recipe', u'#sunbeltbakery']",203,0.019948610137818266
1.0,0.9800513898621818,50.128805620608894,4,"[u'#sunbeltbakery']==>[u'#bakeryfreshfriends', u'#granola', u'#recipe']",204,0.019948610137818266
0.9853846153846154,0.9945876712106451,49.396153846153844,4,"[u'#granola']==>[u'#bakeryfreshfriends', u'#recipe', u'#sunbeltbakery']",205,0.019948610137818266
0.9951446882889882,0.9848330613583868,49.885414643620116,4,"[u'#granola', u'#recipe']==>[u'#bakeryfreshfriends', u'#sunbeltbakery']",206,0.019948610137818266
1.0,0.9800513898621818,50.128805620608894,4,"[u'#bakeryfreshfriends', u'#recipe']==>[u'#granola', u'#sunbeltbakery']",207,0.019948610137818266
1.0,0.9800513898621818,50.128805620608894,4,"[u'#bakeryfreshfriends', u'#granola']==>[u'#recipe', u'#sunbeltbakery']",208,0.019948610137818266
1.0,0.9800513898621818,50.128805620608894,4,"[u'#recipe', u'#sunbeltbakery']==>[u'#bakeryfreshfriends', u'#granola']",209,0.019948610137818266
1.0,0.9800513898621818,50.128805620608894,4,"[u'#granola', u'#sunbeltbakery']==>[u'#bakeryfreshfriends', u'#recipe']",210,0.019948610137818266
1.0,0.9799540605777466,49.885414643620116,4,"[u'#bakeryfreshfriends', u'#sunbeltbakery']==>[u'#granola', u'#recipe']",211,0.019948610137818266
1.0,0.9800474966908044,50.1190243902439,4,"[u'#granola', u'#recipe', u'#sunbeltbakery']==>[u'#bakeryfreshfriends']",212,0.019948610137818266
1.0,0.9800513898621818,50.128805620608894,4,"[u'#bakeryfreshfriends', u'#granola', u'#recipe']==>[u'#sunbeltbakery']",213,0.019948610137818266
1.0,0.9797555088374991,49.39615384615385,4,"[u'#bakeryfreshfriends', u'#recipe', u'#sunbeltbakery']==>[u'#granola']",214,0.019948610137818266
1.0,0.9175582029120922,12.129769550434453,4,"[u'#bakeryfreshfriends', u'#granola', u'#sunbeltbakery']==>[u'#recipe']",215,0.019948610137818266
0.9998048780487805,0.9802426567220299,50.119024390243894,4,"[u'#bakeryfreshfriends']==>[u'#bananabread', u'#granola', u'#sunbeltbakery']",216,0.019948610137818266
0.9876638396299152,0.9922924688924666,49.51040863531226,4,"[u'#bananabread']==>[u'#bakeryfreshfriends', u'#granola', u'#sunbeltbakery']",217,0.019948610137818266
0.9853846153846154,0.9945876712106451,49.396153846153844,4,"[u'#granola']==>[u'#bakeryfreshfriends', u'#bananabread', u'#sunbeltbakery']",218,0.019948610137818266
1.0,0.9800513898621818,50.128805620608894,4,"[u'#sunbeltbakery']==>[u'#bakeryfreshfriends', u'#bananabread', u'#granola']",219,0.019948610137818266
0.9988304093567252,0.981198991021271,50.070175438596486,4,"[u'#bananabread', u'#granola']==>[u'#bakeryfreshfriends', u'#sunbeltbakery']",220,0.019948610137818266
1.0,0.9800513898621818,50.128805620608894,4,"[u'#bakeryfreshfriends', u'#granola']==>[u'#bananabread', u'#sunbeltbakery']",221,0.019948610137818266
1.0,0.9800513898621818,50.128805620608894,4,"[u'#bakeryfreshfriends', u'#bananabread']==>[u'#granola', u'#sunbeltbakery']",222,0.019948610137818266
1.0,0.9800513898621818,50.128805620608894,4,"[u'#granola', u'#sunbeltbakery']==>[u'#bakeryfreshfriends', u'#bananabread']",223,0.019948610137818266
1.0,0.9800280308339173,50.07017543859649,4,"[u'#bakeryfreshfriends', u'#sunbeltbakery']==>[u'#bananabread', u'#granola']",224,0.019948610137818266
1.0,0.9800513898621818,50.128805620608894,4,"[u'#bananabread', u'#sunbeltbakery']==>[u'#bakeryfreshfriends', u'#granola']",225,0.019948610137818266
1.0,0.9800474966908044,50.1190243902439,4,"[u'#bananabread', u'#granola', u'#sunbeltbakery']==>[u'#bakeryfreshfriends']",226,0.019948610137818266
1.0,0.9798022268940279,49.51040863531227,4,"[u'#bakeryfreshfriends', u'#granola', u'#sunbeltbakery']==>[u'#bananabread']",227,0.019948610137818266
1.0,0.9797555088374991,49.39615384615385,4,"[u'#bakeryfreshfriends', u'#bananabread', u'#sunbeltbakery']==>[u'#granola']",228,0.019948610137818266
1.0,0.9800513898621818,50.128805620608894,4,"[u'#bakeryfreshfriends', u'#bananabread', u'#granola']==>[u'#sunbeltbakery']",229,0.019948610137818266
0.9998048780487805,0.9802192931350169,50.06040564826701,4,"[u'#bakeryfreshfriends']==>[u'#bananabread', u'#granola', u'#recipe']",230,0.019948610137818266
0.9876638396299152,0.9922924688924666,49.51040863531226,4,"[u'#bananabread']==>[u'#bakeryfreshfriends', u'#granola', u'#recipe']",231,0.019948610137818266
0.9853846153846154,0.9945876712106451,49.396153846153844,4,"[u'#granola']==>[u'#bakeryfreshfriends', u'#bananabread', u'#recipe']",232,0.019948610137818266
0.9951446882889882,0.9848330613583868,49.885414643620116,4,"[u'#granola', u'#recipe']==>[u'#bakeryfreshfriends', u'#bananabread']",233,0.019948610137818266
1.0,0.9800280308339173,50.07017543859649,4,"[u'#bakeryfreshfriends', u'#recipe']==>[u'#bananabread', u'#granola']",234,0.019948610137818266
0.991869918699187,0.9880845979758063,49.721254355400696,4,"[u'#bananabread', u'#recipe']==>[u'#bakeryfreshfriends', u'#granola']",235,0.019948610137818266
0.9988304093567252,0.981198991021271,50.070175438596486,4,"[u'#bananabread', u'#granola']==>[u'#bakeryfreshfriends', u'#recipe']",236,0.019948610137818266
1.0,0.9798878766643307,49.721254355400696,4,"[u'#bakeryfreshfriends', u'#granola']==>[u'#bananabread', u'#recipe']",237,0.019948610137818266
1.0,0.9799540605777466,49.885414643620116,4,"[u'#bakeryfreshfriends', u'#bananabread']==>[u'#granola', u'#recipe']",238,0.019948610137818266
1.0,0.9798022268940279,49.51040863531227,4,"[u'#bakeryfreshfriends', u'#granola', u'#recipe']==>[u'#bananabread']",239,0.019948610137818266
1.0,0.9797555088374991,49.39615384615385,4,"[u'#bakeryfreshfriends', u'#bananabread', u'#recipe']==>[u'#granola']",240,0.019948610137818266
0.9988304093567252,0.9811950932911448,50.06040564826701,4,"[u'#bananabread', u'#granola', u'#recipe']==>[u'#bakeryfreshfriends']",241,0.019948610137818266
1.0,0.9175582029120922,12.129769550434453,4,"[u'#bakeryfreshfriends', u'#bananabread', u'#granola']==>[u'#recipe']",242,0.019948610137818266
0.9998048780487805,0.9802426567220299,50.119024390243894,4,"[u'#bakeryfreshfriends']==>[u'#bananabread', u'#contest', u'#granola']",243,0.019948610137818266
0.9876638396299152,0.9922924688924666,49.51040863531226,4,"[u'#bananabread']==>[u'#bakeryfreshfriends', u'#contest', u'#granola']",244,0.019948610137818266
0.9853846153846154,0.9945876712106451,49.396153846153844,4,"[u'#granola']==>[u'#bakeryfreshfriends', u'#bananabread', u'#contest']",245,0.019948610137818266
0.9686200378071833,1.0118016885969832,48.555765595463136,4,"[u'#contest']==>[u'#bakeryfreshfriends', u'#bananabread', u'#granola']",246,0.019948610137818266
1.0,0.9800513898621818,50.128805620608894,4,"[u'#contest', u'#granola']==>[u'#bakeryfreshfriends', u'#bananabread']",247,0.019948610137818266
0.9988304093567252,0.981198991021271,50.070175438596486,4,"[u'#bananabread', u'#granola']==>[u'#bakeryfreshfriends', u'#contest']",248,0.019948610137818266
1.0,0.9800513898621818,50.128805620608894,4,"[u'#bakeryfreshfriends', u'#granola']==>[u'#bananabread', u'#contest']",249,0.019948610137818266
1.0,0.9800513898621818,50.128805620608894,4,"[u'#bakeryfreshfriends', u'#bananabread']==>[u'#contest', u'#granola']",250,0.019948610137818266
1.0,0.9800513898621818,50.128805620608894,4,"[u'#bananabread', u'#contest']==>[u'#bakeryfreshfriends', u'#granola']",251,0.019948610137818266
1.0,0.9800280308339173,50.07017543859649,4,"[u'#bakeryfreshfriends', u'#contest']==>[u'#bananabread', u'#granola']",252,0.019948610137818266
1.0,0.9797555088374991,49.39615384615385,4,"[u'#bakeryfreshfriends', u'#bananabread', u'#contest']==>[u'#granola']",253,0.019948610137818266
1.0,0.9798022268940279,49.51040863531227,4,"[u'#bakeryfreshfriends', u'#contest', u'#granola']==>[u'#bananabread']",254,0.019948610137818266
1.0,0.9800474966908044,50.1190243902439,4,"[u'#bananabread', u'#contest', u'#granola']==>[u'#bakeryfreshfriends']",255,0.019948610137818266
1.0,0.9794051234135327,48.555765595463136,4,"[u'#bakeryfreshfriends', u'#bananabread', u'#granola']==>[u'#contest']",256,0.019948610137818266
0.9998048780487805,0.9802426567220299,50.119024390243894,4,"[u'#bakeryfreshfriends']==>[u'#bananabread', u'#contest', u'#sunbeltbakery']",257,0.019948610137818266
0.9876638396299152,0.9922924688924666,49.51040863531226,4,"[u'#bananabread']==>[u'#bakeryfreshfriends', u'#contest', u'#sunbeltbakery']",258,0.019948610137818266
0.9686200378071833,1.0118016885969832,48.555765595463136,4,"[u'#contest']==>[u'#bakeryfreshfriends', u'#bananabread', u'#sunbeltbakery']",259,0.019948610137818266
1.0,0.9800513898621818,50.128805620608894,4,"[u'#sunbeltbakery']==>[u'#bakeryfreshfriends', u'#bananabread', u'#contest']",260,0.019948610137818266
1.0,0.9800513898621818,50.128805620608894,4,"[u'#bakeryfreshfriends', u'#sunbeltbakery']==>[u'#bananabread', u'#contest']",261,0.019948610137818266
1.0,0.9800513898621818,50.128805620608894,4,"[u'#bakeryfreshfriends', u'#contest']==>[u'#bananabread', u'#sunbeltbakery']",262,0.019948610137818266
1.0,0.9800513898621818,50.128805620608894,4,"[u'#bakeryfreshfriends', u'#bananabread']==>[u'#contest', u'#sunbeltbakery']",263,0.019948610137818266
1.0,0.9800513898621818,50.128805620608894,4,"[u'#bananabread', u'#contest']==>[u'#bakeryfreshfriends', u'#sunbeltbakery']",264,0.019948610137818266
1.0,0.9800513898621818,50.128805620608894,4,"[u'#bananabread', u'#sunbeltbakery']==>[u'#bakeryfreshfriends', u'#contest']",265,0.019948610137818266
1.0,0.9800513898621818,50.128805620608894,4,"[u'#contest', u'#sunbeltbakery']==>[u'#bakeryfreshfriends', u'#bananabread']",266,0.019948610137818266
1.0,0.9798022268940279,49.51040863531227,4,"[u'#bakeryfreshfriends', u'#contest', u'#sunbeltbakery']==>[u'#bananabread']",267,0.019948610137818266
1.0,0.9800513898621818,50.128805620608894,4,"[u'#bakeryfreshfriends', u'#bananabread', u'#contest']==>[u'#sunbeltbakery']",268,0.019948610137818266
1.0,0.9800474966908044,50.1190243902439,4,"[u'#bananabread', u'#contest', u'#sunbeltbakery']==>[u'#bakeryfreshfriends']",269,0.019948610137818266
1.0,0.9794051234135327,48.555765595463136,4,"[u'#bakeryfreshfriends', u'#bananabread', u'#sunbeltbakery']==>[u'#contest']",270,0.019948610137818266
0.9998048780487805,0.9802426567220299,50.119024390243894,4,"[u'#bakeryfreshfriends']==>[u'#bananabread', u'#contest', u'#recipe']",271,0.019948610137818266
0.9876638396299152,0.9922924688924666,49.51040863531226,4,"[u'#bananabread']==>[u'#bakeryfreshfriends', u'#contest', u'#recipe']",272,0.019948610137818266
0.9686200378071833,1.0118016885969832,48.555765595463136,4,"[u'#contest']==>[u'#bakeryfreshfriends', u'#bananabread', u'#recipe']",273,0.019948610137818266
1.0,0.9800513898621818,50.128805620608894,4,"[u'#bakeryfreshfriends', u'#recipe']==>[u'#bananabread', u'#contest']",274,0.019948610137818266
0.991869918699187,0.9880845979758063,49.721254355400696,4,"[u'#bananabread', u'#recipe']==>[u'#bakeryfreshfriends', u'#contest']",275,0.019948610137818266
1.0,0.9799852059487658,49.96304220968683,4,"[u'#bakeryfreshfriends', u'#bananabread']==>[u'#contest', u'#recipe']",276,0.019948610137818266
0.9966932503404007,0.9833029264796012,49.96304220968683,4,"[u'#contest', u'#recipe']==>[u'#bakeryfreshfriends', u'#bananabread']",277,0.019948610137818266
1.0,0.9800513898621818,50.128805620608894,4,"[u'#bananabread', u'#contest']==>[u'#bakeryfreshfriends', u'#recipe']",278,0.019948610137818266
1.0,0.9798878766643307,49.721254355400696,4,"[u'#bakeryfreshfriends', u'#contest']==>[u'#bananabread', u'#recipe']",279,0.019948610137818266
1.0,0.9794051234135327,48.555765595463136,4,"[u'#bakeryfreshfriends', u'#bananabread', u'#recipe']==>[u'#contest']",280,0.019948610137818266
1.0,0.9175582029120922,12.129769550434453,4,"[u'#bakeryfreshfriends', u'#bananabread', u'#contest']==>[u'#recipe']",281,0.019948610137818266
1.0,0.9800474966908044,50.1190243902439,4,"[u'#bananabread', u'#contest', u'#recipe']==>[u'#bakeryfreshfriends']",282,0.019948610137818266
1.0,0.9798022268940279,49.51040863531227,4,"[u'#bakeryfreshfriends', u'#contest', u'#recipe']==>[u'#bananabread']",283,0.019948610137818266
0.9998048780487805,0.9802426567220299,50.119024390243894,4,"[u'#bakeryfreshfriends']==>[u'#bananabread', u'#recipe', u'#sunbeltbakery']",284,0.019948610137818266
0.9876638396299152,0.9922924688924666,49.51040863531226,4,"[u'#bananabread']==>[u'#bakeryfreshfriends', u'#recipe', u'#sunbeltbakery']",285,0.019948610137818266
1.0,0.9800513898621818,50.128805620608894,4,"[u'#sunbeltbakery']==>[u'#bakeryfreshfriends', u'#bananabread', u'#recipe']",286,0.019948610137818266
1.0,0.9800513898621818,50.128805620608894,4,"[u'#bakeryfreshfriends', u'#recipe']==>[u'#bananabread', u'#sunbeltbakery']",287,0.019948610137818266
0.991869918699187,0.9880845979758063,49.721254355400696,4,"[u'#bananabread', u'#recipe']==>[u'#bakeryfreshfriends', u'#sunbeltbakery']",288,0.019948610137818266
1.0,0.9800513898621818,50.128805620608894,4,"[u'#bakeryfreshfriends', u'#bananabread']==>[u'#recipe', u'#sunbeltbakery']",289,0.019948610137818266
1.0,0.9800513898621818,50.128805620608894,4,"[u'#recipe', u'#sunbeltbakery']==>[u'#bakeryfreshfriends', u'#bananabread']",290,0.019948610137818266
1.0,0.9798878766643307,49.721254355400696,4,"[u'#bakeryfreshfriends', u'#sunbeltbakery']==>[u'#bananabread', u'#recipe']",291,0.019948610137818266
1.0,0.9800513898621818,50.128805620608894,4,"[u'#bananabread', u'#sunbeltbakery']==>[u'#bakeryfreshfriends', u'#recipe']",292,0.019948610137818266
1.0,0.9800513898621818,50.128805620608894,4,"[u'#bakeryfreshfriends', u'#bananabread', u'#recipe']==>[u'#sunbeltbakery']",293,0.019948610137818266
1.0,0.9798022268940279,49.51040863531227,4,"[u'#bakeryfreshfriends', u'#recipe', u'#sunbeltbakery']==>[u'#bananabread']",294,0.019948610137818266
1.0,0.9175582029120922,12.129769550434453,4,"[u'#bakeryfreshfriends', u'#bananabread', u'#sunbeltbakery']==>[u'#recipe']",295,0.019948610137818266
1.0,0.9800474966908044,50.1190243902439,4,"[u'#bananabread', u'#recipe', u'#sunbeltbakery']==>[u'#bakeryfreshfriends']",296,0.019948610137818266
0.9998048780487805,0.9802426567220299,50.119024390243894,4,"[u'#bakeryfreshfriends']==>[u'#contest', u'#granola', u'#sunbeltbakery']",297,0.019948610137818266
1.0,0.9800513898621818,50.128805620608894,4,"[u'#sunbeltbakery']==>[u'#bakeryfreshfriends', u'#contest', u'#granola']",298,0.019948610137818266
0.9853846153846154,0.9945876712106451,49.396153846153844,4,"[u'#granola']==>[u'#bakeryfreshfriends', u'#contest', u'#sunbeltbakery']",299,0.019948610137818266
0.9686200378071833,1.0118016885969832,48.555765595463136,4,"[u'#contest']==>[u'#bakeryfreshfriends', u'#granola', u'#sunbeltbakery']",300,0.019948610137818266
1.0,0.9800513898621818,50.128805620608894,4,"[u'#contest', u'#granola']==>[u'#bakeryfreshfriends', u'#sunbeltbakery']",301,0.019948610137818266
1.0,0.9800513898621818,50.128805620608894,4,"[u'#bakeryfreshfriends', u'#granola']==>[u'#contest', u'#sunbeltbakery']",302,0.019948610137818266
1.0,0.9800513898621818,50.128805620608894,4,"[u'#granola', u'#sunbeltbakery']==>[u'#bakeryfreshfriends', u'#contest']",303,0.019948610137818266
1.0,0.9800513898621818,50.128805620608894,4,"[u'#bakeryfreshfriends', u'#sunbeltbakery']==>[u'#contest', u'#granola']",304,0.019948610137818266
1.0,0.9800513898621818,50.128805620608894,4,"[u'#bakeryfreshfriends', u'#contest']==>[u'#granola', u'#sunbeltbakery']",305,0.019948610137818266
1.0,0.9800513898621818,50.128805620608894,4,"[u'#contest', u'#sunbeltbakery']==>[u'#bakeryfreshfriends', u'#granola']",306,0.019948610137818266
1.0,0.9797555088374991,49.39615384615385,4,"[u'#bakeryfreshfriends', u'#contest', u'#sunbeltbakery']==>[u'#granola']",307,0.019948610137818266
1.0,0.9800474966908044,50.1190243902439,4,"[u'#contest', u'#granola', u'#sunbeltbakery']==>[u'#bakeryfreshfriends']",308,0.019948610137818266
1.0,0.9800513898621818,50.128805620608894,4,"[u'#bakeryfreshfriends', u'#contest', u'#granola']==>[u'#sunbeltbakery']",309,0.019948610137818266
1.0,0.9794051234135327,48.555765595463136,4,"[u'#bakeryfreshfriends', u'#granola', u'#sunbeltbakery']==>[u'#contest']",310,0.019948610137818266
0.9998048780487805,0.9802426567220299,50.119024390243894,4,"[u'#bakeryfreshfriends']==>[u'#contest', u'#granola', u'#recipe']",311,0.019948610137818266
0.9853846153846154,0.9945876712106451,49.396153846153844,4,"[u'#granola']==>[u'#bakeryfreshfriends', u'#contest', u'#recipe']",312,0.019948610137818266
0.9686200378071833,1.0118016885969832,48.555765595463136,4,"[u'#contest']==>[u'#bakeryfreshfriends', u'#granola', u'#recipe']",313,0.019948610137818266
0.9951446882889882,0.9848330613583868,49.885414643620116,4,"[u'#granola', u'#recipe']==>[u'#bakeryfreshfriends', u'#contest']",314,0.019948610137818266
1.0,0.9800513898621818,50.128805620608894,4,"[u'#contest', u'#granola']==>[u'#bakeryfreshfriends', u'#recipe']",315,0.019948610137818266
1.0,0.9800513898621818,50.128805620608894,4,"[u'#bakeryfreshfriends', u'#recipe']==>[u'#contest', u'#granola']",316,0.019948610137818266
1.0,0.9799852059487658,49.96304220968683,4,"[u'#bakeryfreshfriends', u'#granola']==>[u'#contest', u'#recipe']",317,0.019948610137818266
0.9966932503404007,0.9833029264796012,49.96304220968683,4,"[u'#contest', u'#recipe']==>[u'#bakeryfreshfriends', u'#granola']",318,0.019948610137818266
1.0,0.9799540605777466,49.885414643620116,4,"[u'#bakeryfreshfriends', u'#contest']==>[u'#granola', u'#recipe']",319,0.019948610137818266
1.0,0.9794051234135327,48.555765595463136,4,"[u'#bakeryfreshfriends', u'#granola', u'#recipe']==>[u'#contest']",320,0.019948610137818266
1.0,0.9175582029120922,12.129769550434453,4,"[u'#bakeryfreshfriends', u'#contest', u'#granola']==>[u'#recipe']",321,0.019948610137818266
1.0,0.9797555088374991,49.39615384615385,4,"[u'#bakeryfreshfriends', u'#contest', u'#recipe']==>[u'#granola']",322,0.019948610137818266
1.0,0.9800474966908044,50.1190243902439,4,"[u'#contest', u'#granola', u'#recipe']==>[u'#bakeryfreshfriends']",323,0.019948610137818266
0.9998048780487805,0.9802426567220299,50.119024390243894,4,"[u'#bakeryfreshfriends']==>[u'#contest', u'#recipe', u'#sunbeltbakery']",324,0.019948610137818266
1.0,0.9800513898621818,50.128805620608894,4,"[u'#sunbeltbakery']==>[u'#bakeryfreshfriends', u'#contest', u'#recipe']",325,0.019948610137818266
0.9686200378071833,1.0118016885969832,48.555765595463136,4,"[u'#contest']==>[u'#bakeryfreshfriends', u'#recipe', u'#sunbeltbakery']",326,0.019948610137818266
1.0,0.9800513898621818,50.128805620608894,4,"[u'#bakeryfreshfriends', u'#recipe']==>[u'#contest', u'#sunbeltbakery']",327,0.019948610137818266
0.9966932503404007,0.9833029264796012,49.96304220968683,4,"[u'#contest', u'#recipe']==>[u'#bakeryfreshfriends', u'#sunbeltbakery']",328,0.019948610137818266
1.0,0.9800513898621818,50.128805620608894,4,"[u'#recipe', u'#sunbeltbakery']==>[u'#bakeryfreshfriends', u'#contest']",329,0.019948610137818266
1.0,0.9799852059487658,49.96304220968683,4,"[u'#bakeryfreshfriends', u'#sunbeltbakery']==>[u'#contest', u'#recipe']",330,0.019948610137818266
1.0,0.9800513898621818,50.128805620608894,4,"[u'#bakeryfreshfriends', u'#contest']==>[u'#recipe', u'#sunbeltbakery']",331,0.019948610137818266
1.0,0.9800513898621818,50.128805620608894,4,"[u'#contest', u'#sunbeltbakery']==>[u'#bakeryfreshfriends', u'#recipe']",332,0.019948610137818266
1.0,0.9175582029120922,12.129769550434453,4,"[u'#bakeryfreshfriends', u'#contest', u'#sunbeltbakery']==>[u'#recipe']",333,0.019948610137818266
1.0,0.9794051234135327,48.555765595463136,4,"[u'#bakeryfreshfriends', u'#recipe', u'#sunbeltbakery']==>[u'#contest']",334,0.019948610137818266
1.0,0.9800474966908044,50.1190243902439,4,"[u'#contest', u'#recipe', u'#sunbeltbakery']==>[u'#bakeryfreshfriends']",335,0.019948610137818266
1.0,0.9800513898621818,50.128805620608894,4,"[u'#bakeryfreshfriends', u'#contest', u'#recipe']==>[u'#sunbeltbakery']",336,0.019948610137818266
0.9876638396299152,0.9922924688924666,49.51040863531226,5,"[u'#bananabread']==>[u'#contest', u'#granola', u'#recipe', u'#sunbeltbakery']",337,0.019948610137818266
0.9853846153846154,0.9945876712106451,49.396153846153844,5,"[u'#granola']==>[u'#bananabread', u'#contest', u'#recipe', u'#sunbeltbakery']",338,0.019948610137818266
0.9686200378071833,1.0118016885969832,48.555765595463136,5,"[u'#contest']==>[u'#bananabread', u'#granola', u'#recipe', u'#sunbeltbakery']",339,0.019948610137818266
1.0,0.9800513898621818,50.128805620608894,5,"[u'#sunbeltbakery']==>[u'#bananabread', u'#contest', u'#granola', u'#recipe']",340,0.019948610137818266
0.9951446882889882,0.9848330613583868,49.885414643620116,5,"[u'#granola', u'#recipe']==>[u'#bananabread', u'#contest', u'#sunbeltbakery']",341,0.019948610137818266
1.0,0.9800513898621818,50.128805620608894,5,"[u'#contest', u'#granola']==>[u'#bananabread', u'#recipe', u'#sunbeltbakery']",342,0.019948610137818266
0.9988304093567252,0.981198991021271,50.070175438596486,5,"[u'#bananabread', u'#granola']==>[u'#contest', u'#recipe', u'#sunbeltbakery']",343,0.019948610137818266
0.991869918699187,0.9880845979758063,49.721254355400696,5,"[u'#bananabread', u'#recipe']==>[u'#contest', u'#granola', u'#sunbeltbakery']",344,0.019948610137818266
0.9966932503404007,0.9833029264796012,49.96304220968683,5,"[u'#contest', u'#recipe']==>[u'#bananabread', u'#granola', u'#sunbeltbakery']",345,0.019948610137818266
1.0,0.9800513898621818,50.128805620608894,5,"[u'#recipe', u'#sunbeltbakery']==>[u'#bananabread', u'#contest', u'#granola']",346,0.019948610137818266
1.0,0.9800513898621818,50.128805620608894,5,"[u'#granola', u'#sunbeltbakery']==>[u'#bananabread', u'#contest', u'#recipe']",347,0.019948610137818266
1.0,0.9800513898621818,50.128805620608894,5,"[u'#bananabread', u'#contest']==>[u'#granola', u'#recipe', u'#sunbeltbakery']",348,0.019948610137818266
1.0,0.9800513898621818,50.128805620608894,5,"[u'#bananabread', u'#sunbeltbakery']==>[u'#contest', u'#granola', u'#recipe']",349,0.019948610137818266
1.0,0.9800280308339173,50.07017543859649,5,"[u'#contest', u'#sunbeltbakery']==>[u'#bananabread', u'#granola', u'#recipe']",350,0.019948610137818266
1.0,0.9800513898621818,50.128805620608894,5,"[u'#bananabread', u'#recipe', u'#sunbeltbakery']==>[u'#contest', u'#granola']",351,0.019948610137818266
1.0,0.9800513898621818,50.128805620608894,5,"[u'#granola', u'#recipe', u'#sunbeltbakery']==>[u'#bananabread', u'#contest']",352,0.019948610137818266
1.0,0.9800280308339173,50.07017543859649,5,"[u'#contest', u'#recipe', u'#sunbeltbakery']==>[u'#bananabread', u'#granola']",353,0.019948610137818266
1.0,0.9800513898621818,50.128805620608894,5,"[u'#bananabread', u'#contest', u'#recipe']==>[u'#granola', u'#sunbeltbakery']",354,0.019948610137818266
0.9988304093567252,0.981198991021271,50.070175438596486,5,"[u'#bananabread', u'#granola', u'#recipe']==>[u'#contest', u'#sunbeltbakery']",355,0.019948610137818266
1.0,0.9800513898621818,50.128805620608894,5,"[u'#bananabread', u'#contest', u'#granola']==>[u'#recipe', u'#sunbeltbakery']",356,0.019948610137818266
1.0,0.9799852059487658,49.96304220968683,5,"[u'#bananabread', u'#granola', u'#sunbeltbakery']==>[u'#contest', u'#recipe']",357,0.019948610137818266
1.0,0.9799540605777466,49.885414643620116,5,"[u'#bananabread', u'#contest', u'#sunbeltbakery']==>[u'#granola', u'#recipe']",358,0.019948610137818266
1.0,0.9798878766643307,49.721254355400696,5,"[u'#contest', u'#granola', u'#sunbeltbakery']==>[u'#bananabread', u'#recipe']",359,0.019948610137818266
1.0,0.9800513898621818,50.128805620608894,5,"[u'#contest', u'#granola', u'#recipe']==>[u'#bananabread', u'#sunbeltbakery']",360,0.019948610137818266
1.0,0.9794051234135327,48.555765595463136,5,"[u'#bananabread', u'#granola', u'#recipe', u'#sunbeltbakery']==>[u'#contest']",361,0.019948610137818266
1.0,0.9798022268940279,49.51040863531227,5,"[u'#contest', u'#granola', u'#recipe', u'#sunbeltbakery']==>[u'#bananabread']",362,0.019948610137818266
1.0,0.9175582029120922,12.129769550434453,5,"[u'#bananabread', u'#contest', u'#granola', u'#sunbeltbakery']==>[u'#recipe']",363,0.019948610137818266
1.0,0.9797555088374991,49.39615384615385,5,"[u'#bananabread', u'#contest', u'#recipe', u'#sunbeltbakery']==>[u'#granola']",364,0.019948610137818266
1.0,0.9800513898621818,50.128805620608894,5,"[u'#bananabread', u'#contest', u'#granola', u'#recipe']==>[u'#sunbeltbakery']",365,0.019948610137818266
0.9998048780487805,0.9802426567220299,50.119024390243894,5,"[u'#bakeryfreshfriends']==>[u'#bananabread', u'#granola', u'#recipe', u'#sunbeltbakery']",366,0.019948610137818266
0.9876638396299152,0.9922924688924666,49.51040863531226,5,"[u'#bananabread']==>[u'#bakeryfreshfriends', u'#granola', u'#recipe', u'#sunbeltbakery']",367,0.019948610137818266
0.9853846153846154,0.9945876712106451,49.396153846153844,5,"[u'#granola']==>[u'#bakeryfreshfriends', u'#bananabread', u'#recipe', u'#sunbeltbakery']",368,0.019948610137818266
1.0,0.9800513898621818,50.128805620608894,5,"[u'#sunbeltbakery']==>[u'#bakeryfreshfriends', u'#bananabread', u'#granola', u'#recipe']",369,0.019948610137818266
0.9951446882889882,0.9848330613583868,49.885414643620116,5,"[u'#granola', u'#recipe']==>[u'#bakeryfreshfriends', u'#bananabread', u'#sunbeltbakery']",370,0.019948610137818266
1.0,0.9800513898621818,50.128805620608894,5,"[u'#bakeryfreshfriends', u'#recipe']==>[u'#bananabread', u'#granola', u'#sunbeltbakery']",371,0.019948610137818266
0.991869918699187,0.9880845979758063,49.721254355400696,5,"[u'#bananabread', u'#recipe']==>[u'#bakeryfreshfriends', u'#granola', u'#sunbeltbakery']",372,0.019948610137818266
1.0,0.9800513898621818,50.128805620608894,5,"[u'#bakeryfreshfriends', u'#bananabread']==>[u'#granola', u'#recipe', u'#sunbeltbakery']",373,0.019948610137818266
0.9988304093567252,0.981198991021271,50.070175438596486,5,"[u'#bananabread', u'#granola']==>[u'#bakeryfreshfriends', u'#recipe', u'#sunbeltbakery']",374,0.019948610137818266
1.0,0.9800513898621818,50.128805620608894,5,"[u'#bakeryfreshfriends', u'#granola']==>[u'#bananabread', u'#recipe', u'#sunbeltbakery']",375,0.019948610137818266
1.0,0.9800513898621818,50.128805620608894,5,"[u'#granola', u'#sunbeltbakery']==>[u'#bakeryfreshfriends', u'#bananabread', u'#recipe']",376,0.019948610137818266
1.0,0.9800280308339173,50.07017543859649,5,"[u'#bakeryfreshfriends', u'#sunbeltbakery']==>[u'#bananabread', u'#granola', u'#recipe']",377,0.019948610137818266
1.0,0.9800513898621818,50.128805620608894,5,"[u'#bananabread', u'#sunbeltbakery']==>[u'#bakeryfreshfriends', u'#granola', u'#recipe']",378,0.019948610137818266
1.0,0.9800513898621818,50.128805620608894,5,"[u'#recipe', u'#sunbeltbakery']==>[u'#bakeryfreshfriends', u'#bananabread', u'#granola']",379,0.019948610137818266
1.0,0.9800513898621818,50.128805620608894,5,"[u'#bananabread', u'#granola', u'#sunbeltbakery']==>[u'#bakeryfreshfriends', u'#recipe']",380,0.019948610137818266
1.0,0.9798878766643307,49.721254355400696,5,"[u'#bakeryfreshfriends', u'#granola', u'#sunbeltbakery']==>[u'#bananabread', u'#recipe']",381,0.019948610137818266
1.0,0.9800513898621818,50.128805620608894,5,"[u'#granola', u'#recipe', u'#sunbeltbakery']==>[u'#bakeryfreshfriends', u'#bananabread']",382,0.019948610137818266
1.0,0.9800513898621818,50.128805620608894,5,"[u'#bakeryfreshfriends', u'#granola', u'#recipe']==>[u'#bananabread', u'#sunbeltbakery']",383,0.019948610137818266
1.0,0.9800513898621818,50.128805620608894,5,"[u'#bakeryfreshfriends', u'#bananabread', u'#recipe']==>[u'#granola', u'#sunbeltbakery']",384,0.019948610137818266
1.0,0.9799540605777466,49.885414643620116,5,"[u'#bakeryfreshfriends', u'#bananabread', u'#sunbeltbakery']==>[u'#granola', u'#recipe']",385,0.019948610137818266
1.0,0.9800513898621818,50.128805620608894,5,"[u'#bakeryfreshfriends', u'#bananabread', u'#granola']==>[u'#recipe', u'#sunbeltbakery']",386,0.019948610137818266
1.0,0.9800280308339173,50.07017543859649,5,"[u'#bakeryfreshfriends', u'#recipe', u'#sunbeltbakery']==>[u'#bananabread', u'#granola']",387,0.019948610137818266
0.9988304093567252,0.981198991021271,50.070175438596486,5,"[u'#bananabread', u'#granola', u'#recipe']==>[u'#bakeryfreshfriends', u'#sunbeltbakery']",388,0.019948610137818266
1.0,0.9800513898621818,50.128805620608894,5,"[u'#bananabread', u'#recipe', u'#sunbeltbakery']==>[u'#bakeryfreshfriends', u'#granola']",389,0.019948610137818266
1.0,0.9800474966908044,50.1190243902439,5,"[u'#bananabread', u'#granola', u'#recipe', u'#sunbeltbakery']==>[u'#bakeryfreshfriends']",390,0.019948610137818266
1.0,0.9798022268940279,49.51040863531227,5,"[u'#bakeryfreshfriends', u'#granola', u'#recipe', u'#sunbeltbakery']==>[u'#bananabread']",391,0.019948610137818266
1.0,0.9175582029120922,12.129769550434453,5,"[u'#bakeryfreshfriends', u'#bananabread', u'#granola', u'#sunbeltbakery']==>[u'#recipe']",392,0.019948610137818266
1.0,0.9797555088374991,49.39615384615385,5,"[u'#bakeryfreshfriends', u'#bananabread', u'#recipe', u'#sunbeltbakery']==>[u'#granola']",393,0.019948610137818266
1.0,0.9800513898621818,50.128805620608894,5,"[u'#bakeryfreshfriends', u'#bananabread', u'#granola', u'#recipe']==>[u'#sunbeltbakery']",394,0.019948610137818266
0.9998048780487805,0.9802426567220299,50.119024390243894,5,"[u'#bakeryfreshfriends']==>[u'#bananabread', u'#contest', u'#granola', u'#sunbeltbakery']",395,0.019948610137818266
0.9876638396299152,0.9922924688924666,49.51040863531226,5,"[u'#bananabread']==>[u'#bakeryfreshfriends', u'#contest', u'#granola', u'#sunbeltbakery']",396,0.019948610137818266
0.9853846153846154,0.9945876712106451,49.396153846153844,5,"[u'#granola']==>[u'#bakeryfreshfriends', u'#bananabread', u'#contest', u'#sunbeltbakery']",397,0.019948610137818266
0.9686200378071833,1.0118016885969832,48.555765595463136,5,"[u'#contest']==>[u'#bakeryfreshfriends', u'#bananabread', u'#granola', u'#sunbeltbakery']",398,0.019948610137818266
1.0,0.9800513898621818,50.128805620608894,5,"[u'#sunbeltbakery']==>[u'#bakeryfreshfriends', u'#bananabread', u'#contest', u'#granola']",399,0.019948610137818266
1.0,0.9800513898621818,50.128805620608894,5,"[u'#contest', u'#granola']==>[u'#bakeryfreshfriends', u'#bananabread', u'#sunbeltbakery']",400,0.019948610137818266
0.9988304093567252,0.981198991021271,50.070175438596486,5,"[u'#bananabread', u'#granola']==>[u'#bakeryfreshfriends', u'#contest', u'#sunbeltbakery']",401,0.019948610137818266
1.0,0.9800513898621818,50.128805620608894,5,"[u'#bakeryfreshfriends', u'#granola']==>[u'#bananabread', u'#contest', u'#sunbeltbakery']",402,0.019948610137818266
1.0,0.9800513898621818,50.128805620608894,5,"[u'#bakeryfreshfriends', u'#sunbeltbakery']==>[u'#bananabread', u'#contest', u'#granola']",403,0.019948610137818266
1.0,0.9800513898621818,50.128805620608894,5,"[u'#bananabread', u'#sunbeltbakery']==>[u'#bakeryfreshfriends', u'#contest', u'#granola']",404,0.019948610137818266
1.0,0.9800513898621818,50.128805620608894,5,"[u'#bakeryfreshfriends', u'#bananabread']==>[u'#contest', u'#granola', u'#sunbeltbakery']",405,0.019948610137818266
1.0,0.9800513898621818,50.128805620608894,5,"[u'#bananabread', u'#contest']==>[u'#bakeryfreshfriends', u'#granola', u'#sunbeltbakery']",406,0.019948610137818266
1.0,0.9800513898621818,50.128805620608894,5,"[u'#bakeryfreshfriends', u'#contest']==>[u'#bananabread', u'#granola', u'#sunbeltbakery']",407,0.019948610137818266
1.0,0.9800513898621818,50.128805620608894,5,"[u'#contest', u'#sunbeltbakery']==>[u'#bakeryfreshfriends', u'#bananabread', u'#granola']",408,0.019948610137818266
1.0,0.9800513898621818,50.128805620608894,5,"[u'#granola', u'#sunbeltbakery']==>[u'#bakeryfreshfriends', u'#bananabread', u'#contest']",409,0.019948610137818266
1.0,0.9800280308339173,50.07017543859649,5,"[u'#bakeryfreshfriends', u'#contest', u'#sunbeltbakery']==>[u'#bananabread', u'#granola']",410,0.019948610137818266
1.0,0.9800513898621818,50.128805620608894,5,"[u'#contest', u'#granola', u'#sunbeltbakery']==>[u'#bakeryfreshfriends', u'#bananabread']",411,0.019948610137818266
1.0,0.9800513898621818,50.128805620608894,5,"[u'#bakeryfreshfriends', u'#granola', u'#sunbeltbakery']==>[u'#bananabread', u'#contest']",412,0.019948610137818266
1.0,0.9800513898621818,50.128805620608894,5,"[u'#bakeryfreshfriends', u'#bananabread', u'#contest']==>[u'#granola', u'#sunbeltbakery']",413,0.019948610137818266
1.0,0.9800513898621818,50.128805620608894,5,"[u'#bakeryfreshfriends', u'#bananabread', u'#sunbeltbakery']==>[u'#contest', u'#granola']",414,0.019948610137818266
1.0,0.9800513898621818,50.128805620608894,5,"[u'#bakeryfreshfriends', u'#bananabread', u'#granola']==>[u'#contest', u'#sunbeltbakery']",415,0.019948610137818266
1.0,0.9800513898621818,50.128805620608894,5,"[u'#bananabread', u'#granola', u'#sunbeltbakery']==>[u'#bakeryfreshfriends', u'#contest']",416,0.019948610137818266
1.0,0.9800513898621818,50.128805620608894,5,"[u'#bananabread', u'#contest', u'#sunbeltbakery']==>[u'#bakeryfreshfriends', u'#granola']",417,0.019948610137818266
1.0,0.9800513898621818,50.128805620608894,5,"[u'#bananabread', u'#contest', u'#granola']==>[u'#bakeryfreshfriends', u'#sunbeltbakery']",418,0.019948610137818266
1.0,0.9800513898621818,50.128805620608894,5,"[u'#bakeryfreshfriends', u'#contest', u'#granola']==>[u'#bananabread', u'#sunbeltbakery']",419,0.019948610137818266
1.0,0.9800513898621818,50.128805620608894,5,"[u'#bakeryfreshfriends', u'#bananabread', u'#contest', u'#granola']==>[u'#sunbeltbakery']",420,0.019948610137818266
1.0,0.9794051234135327,48.555765595463136,5,"[u'#bakeryfreshfriends', u'#bananabread', u'#granola', u'#sunbeltbakery']==>[u'#contest']",421,0.019948610137818266
1.0,0.9798022268940279,49.51040863531227,5,"[u'#bakeryfreshfriends', u'#contest', u'#granola', u'#sunbeltbakery']==>[u'#bananabread']",422,0.019948610137818266
1.0,0.9800474966908044,50.1190243902439,5,"[u'#bananabread', u'#contest', u'#granola', u'#sunbeltbakery']==>[u'#bakeryfreshfriends']",423,0.019948610137818266
1.0,0.9797555088374991,49.39615384615385,5,"[u'#bakeryfreshfriends', u'#bananabread', u'#contest', u'#sunbeltbakery']==>[u'#granola']",424,0.019948610137818266
0.9998048780487805,0.9802426567220299,50.119024390243894,5,"[u'#bakeryfreshfriends']==>[u'#bananabread', u'#contest', u'#granola', u'#recipe']",425,0.019948610137818266
0.9876638396299152,0.9922924688924666,49.51040863531226,5,"[u'#bananabread']==>[u'#bakeryfreshfriends', u'#contest', u'#granola', u'#recipe']",426,0.019948610137818266
0.9853846153846154,0.9945876712106451,49.396153846153844,5,"[u'#granola']==>[u'#bakeryfreshfriends', u'#bananabread', u'#contest', u'#recipe']",427,0.019948610137818266
0.9686200378071833,1.0118016885969832,48.555765595463136,5,"[u'#contest']==>[u'#bakeryfreshfriends', u'#bananabread', u'#granola', u'#recipe']",428,0.019948610137818266
0.9951446882889882,0.9848330613583868,49.885414643620116,5,"[u'#granola', u'#recipe']==>[u'#bakeryfreshfriends', u'#bananabread', u'#contest']",429,0.019948610137818266
1.0,0.9800513898621818,50.128805620608894,5,"[u'#contest', u'#granola']==>[u'#bakeryfreshfriends', u'#bananabread', u'#recipe']",430,0.019948610137818266
1.0,0.9800513898621818,50.128805620608894,5,"[u'#bakeryfreshfriends', u'#recipe']==>[u'#bananabread', u'#contest', u'#granola']",431,0.019948610137818266
1.0,0.9800513898621818,50.128805620608894,5,"[u'#bakeryfreshfriends', u'#granola']==>[u'#bananabread', u'#contest', u'#recipe']",432,0.019948610137818266
1.0,0.9800513898621818,50.128805620608894,5,"[u'#bakeryfreshfriends', u'#bananabread']==>[u'#contest', u'#granola', u'#recipe']",433,0.019948610137818266
0.9966932503404007,0.9833029264796012,49.96304220968683,5,"[u'#contest', u'#recipe']==>[u'#bakeryfreshfriends', u'#bananabread', u'#granola']",434,0.019948610137818266
0.9988304093567252,0.981198991021271,50.070175438596486,5,"[u'#bananabread', u'#granola']==>[u'#bakeryfreshfriends', u'#contest', u'#recipe']",435,0.019948610137818266
0.991869918699187,0.9880845979758063,49.721254355400696,5,"[u'#bananabread', u'#recipe']==>[u'#bakeryfreshfriends', u'#contest', u'#granola']",436,0.019948610137818266
1.0,0.9800513898621818,50.128805620608894,5,"[u'#bananabread', u'#contest']==>[u'#bakeryfreshfriends', u'#granola', u'#recipe']",437,0.019948610137818266
1.0,0.9800280308339173,50.07017543859649,5,"[u'#bakeryfreshfriends', u'#contest']==>[u'#bananabread', u'#granola', u'#recipe']",438,0.019948610137818266
1.0,0.9800513898621818,50.128805620608894,5,"[u'#bakeryfreshfriends', u'#granola', u'#recipe']==>[u'#bananabread', u'#contest']",439,0.019948610137818266
1.0,0.9799540605777466,49.885414643620116,5,"[u'#bakeryfreshfriends', u'#bananabread', u'#contest']==>[u'#granola', u'#recipe']",440,0.019948610137818266
1.0,0.9800513898621818,50.128805620608894,5,"[u'#bananabread', u'#contest', u'#recipe']==>[u'#bakeryfreshfriends', u'#granola']",441,0.019948610137818266
0.9988304093567252,0.981198991021271,50.070175438596486,5,"[u'#bananabread', u'#granola', u'#recipe']==>[u'#bakeryfreshfriends', u'#contest']",442,0.019948610137818266
1.0,0.9799852059487658,49.96304220968683,5,"[u'#bakeryfreshfriends', u'#bananabread', u'#granola']==>[u'#contest', u'#recipe']",443,0.019948610137818266
1.0,0.9800513898621818,50.128805620608894,5,"[u'#bakeryfreshfriends', u'#bananabread', u'#recipe']==>[u'#contest', u'#granola']",444,0.019948610137818266
1.0,0.9800513898621818,50.128805620608894,5,"[u'#bananabread', u'#contest', u'#granola']==>[u'#bakeryfreshfriends', u'#recipe']",445,0.019948610137818266
1.0,0.9798878766643307,49.721254355400696,5,"[u'#bakeryfreshfriends', u'#contest', u'#granola']==>[u'#bananabread', u'#recipe']",446,0.019948610137818266
1.0,0.9800280308339173,50.07017543859649,5,"[u'#bakeryfreshfriends', u'#contest', u'#recipe']==>[u'#bananabread', u'#granola']",447,0.019948610137818266
1.0,0.9800513898621818,50.128805620608894,5,"[u'#contest', u'#granola', u'#recipe']==>[u'#bakeryfreshfriends', u'#bananabread']",448,0.019948610137818266
1.0,0.9175582029120922,12.129769550434453,5,"[u'#bakeryfreshfriends', u'#bananabread', u'#contest', u'#granola']==>[u'#recipe']",449,0.019948610137818266
1.0,0.9798022268940279,49.51040863531227,5,"[u'#bakeryfreshfriends', u'#contest', u'#granola', u'#recipe']==>[u'#bananabread']",450,0.019948610137818266
1.0,0.9797555088374991,49.39615384615385,5,"[u'#bakeryfreshfriends', u'#bananabread', u'#contest', u'#recipe']==>[u'#granola']",451,0.019948610137818266
1.0,0.9800474966908044,50.1190243902439,5,"[u'#bananabread', u'#contest', u'#granola', u'#recipe']==>[u'#bakeryfreshfriends']",452,0.019948610137818266
1.0,0.9794051234135327,48.555765595463136,5,"[u'#bakeryfreshfriends', u'#bananabread', u'#granola', u'#recipe']==>[u'#contest']",453,0.019948610137818266
0.9998048780487805,0.9802426567220299,50.119024390243894,5,"[u'#bakeryfreshfriends']==>[u'#bananabread', u'#contest', u'#recipe', u'#sunbeltbakery']",454,0.019948610137818266
0.9876638396299152,0.9922924688924666,49.51040863531226,5,"[u'#bananabread']==>[u'#bakeryfreshfriends', u'#contest', u'#recipe', u'#sunbeltbakery']",455,0.019948610137818266
0.9686200378071833,1.0118016885969832,48.555765595463136,5,"[u'#contest']==>[u'#bakeryfreshfriends', u'#bananabread', u'#recipe', u'#sunbeltbakery']",456,0.019948610137818266
1.0,0.9800513898621818,50.128805620608894,5,"[u'#sunbeltbakery']==>[u'#bakeryfreshfriends', u'#bananabread', u'#contest', u'#recipe']",457,0.019948610137818266
1.0,0.9800513898621818,50.128805620608894,5,"[u'#bakeryfreshfriends', u'#recipe']==>[u'#bananabread', u'#contest', u'#sunbeltbakery']",458,0.019948610137818266
0.991869918699187,0.9880845979758063,49.721254355400696,5,"[u'#bananabread', u'#recipe']==>[u'#bakeryfreshfriends', u'#contest', u'#sunbeltbakery']",459,0.019948610137818266
1.0,0.9800513898621818,50.128805620608894,5,"[u'#bakeryfreshfriends', u'#sunbeltbakery']==>[u'#bananabread', u'#contest', u'#recipe']",460,0.019948610137818266
1.0,0.9800513898621818,50.128805620608894,5,"[u'#bananabread', u'#sunbeltbakery']==>[u'#bakeryfreshfriends', u'#contest', u'#recipe']",461,0.019948610137818266
0.9966932503404007,0.9833029264796012,49.96304220968683,5,"[u'#contest', u'#recipe']==>[u'#bakeryfreshfriends', u'#bananabread', u'#sunbeltbakery']",462,0.019948610137818266
1.0,0.9800513898621818,50.128805620608894,5,"[u'#recipe', u'#sunbeltbakery']==>[u'#bakeryfreshfriends', u'#bananabread', u'#contest']",463,0.019948610137818266
1.0,0.9800513898621818,50.128805620608894,5,"[u'#bakeryfreshfriends', u'#bananabread']==>[u'#contest', u'#recipe', u'#sunbeltbakery']",464,0.019948610137818266
1.0,0.9800513898621818,50.128805620608894,5,"[u'#bananabread', u'#contest']==>[u'#bakeryfreshfriends', u'#recipe', u'#sunbeltbakery']",465,0.019948610137818266
1.0,0.9800513898621818,50.128805620608894,5,"[u'#bakeryfreshfriends', u'#contest']==>[u'#bananabread', u'#recipe', u'#sunbeltbakery']",466,0.019948610137818266
1.0,0.9800513898621818,50.128805620608894,5,"[u'#contest', u'#sunbeltbakery']==>[u'#bakeryfreshfriends', u'#bananabread', u'#recipe']",467,0.019948610137818266
1.0,0.9798878766643307,49.721254355400696,5,"[u'#bakeryfreshfriends', u'#contest', u'#sunbeltbakery']==>[u'#bananabread', u'#recipe']",468,0.019948610137818266
1.0,0.9800513898621818,50.128805620608894,5,"[u'#bananabread', u'#contest', u'#recipe']==>[u'#bakeryfreshfriends', u'#sunbeltbakery']",469,0.019948610137818266
1.0,0.9800513898621818,50.128805620608894,5,"[u'#bananabread', u'#recipe', u'#sunbeltbakery']==>[u'#bakeryfreshfriends', u'#contest']",470,0.019948610137818266
1.0,0.9800513898621818,50.128805620608894,5,"[u'#bakeryfreshfriends', u'#bananabread', u'#contest']==>[u'#recipe', u'#sunbeltbakery']",471,0.019948610137818266
1.0,0.9800513898621818,50.128805620608894,5,"[u'#contest', u'#recipe', u'#sunbeltbakery']==>[u'#bakeryfreshfriends', u'#bananabread']",472,0.019948610137818266
1.0,0.9800513898621818,50.128805620608894,5,"[u'#bakeryfreshfriends', u'#bananabread', u'#recipe']==>[u'#contest', u'#sunbeltbakery']",473,0.019948610137818266
1.0,0.9799852059487658,49.96304220968683,5,"[u'#bakeryfreshfriends', u'#bananabread', u'#sunbeltbakery']==>[u'#contest', u'#recipe']",474,0.019948610137818266
1.0,0.9800513898621818,50.128805620608894,5,"[u'#bakeryfreshfriends', u'#recipe', u'#sunbeltbakery']==>[u'#bananabread', u'#contest']",475,0.019948610137818266
1.0,0.9800513898621818,50.128805620608894,5,"[u'#bananabread', u'#contest', u'#sunbeltbakery']==>[u'#bakeryfreshfriends', u'#recipe']",476,0.019948610137818266
1.0,0.9800513898621818,50.128805620608894,5,"[u'#bakeryfreshfriends', u'#contest', u'#recipe']==>[u'#bananabread', u'#sunbeltbakery']",477,0.019948610137818266
1.0,0.9800474966908044,50.1190243902439,5,"[u'#bananabread', u'#contest', u'#recipe', u'#sunbeltbakery']==>[u'#bakeryfreshfriends']",478,0.019948610137818266
1.0,0.9800513898621818,50.128805620608894,5,"[u'#bakeryfreshfriends', u'#bananabread', u'#contest', u'#recipe']==>[u'#sunbeltbakery']",479,0.019948610137818266
1.0,0.9794051234135327,48.555765595463136,5,"[u'#bakeryfreshfriends', u'#bananabread', u'#recipe', u'#sunbeltbakery']==>[u'#contest']",480,0.019948610137818266
1.0,0.9798022268940279,49.51040863531227,5,"[u'#bakeryfreshfriends', u'#contest', u'#recipe', u'#sunbeltbakery']==>[u'#bananabread']",481,0.019948610137818266
1.0,0.9175582029120922,12.129769550434453,5,"[u'#bakeryfreshfriends', u'#bananabread', u'#contest', u'#sunbeltbakery']==>[u'#recipe']",482,0.019948610137818266
0.9998048780487805,0.9802426567220299,50.119024390243894,5,"[u'#bakeryfreshfriends']==>[u'#contest', u'#granola', u'#recipe', u'#sunbeltbakery']",483,0.019948610137818266
1.0,0.9800513898621818,50.128805620608894,5,"[u'#sunbeltbakery']==>[u'#bakeryfreshfriends', u'#contest', u'#granola', u'#recipe']",484,0.019948610137818266
0.9853846153846154,0.9945876712106451,49.396153846153844,5,"[u'#granola']==>[u'#bakeryfreshfriends', u'#contest', u'#recipe', u'#sunbeltbakery']",485,0.019948610137818266
0.9686200378071833,1.0118016885969832,48.555765595463136,5,"[u'#contest']==>[u'#bakeryfreshfriends', u'#granola', u'#recipe', u'#sunbeltbakery']",486,0.019948610137818266
0.9951446882889882,0.9848330613583868,49.885414643620116,5,"[u'#granola', u'#recipe']==>[u'#bakeryfreshfriends', u'#contest', u'#sunbeltbakery']",487,0.019948610137818266
1.0,0.9800513898621818,50.128805620608894,5,"[u'#contest', u'#granola']==>[u'#bakeryfreshfriends', u'#recipe', u'#sunbeltbakery']",488,0.019948610137818266
1.0,0.9800513898621818,50.128805620608894,5,"[u'#bakeryfreshfriends', u'#recipe']==>[u'#contest', u'#granola', u'#sunbeltbakery']",489,0.019948610137818266
1.0,0.9800513898621818,50.128805620608894,5,"[u'#bakeryfreshfriends', u'#granola']==>[u'#contest', u'#recipe', u'#sunbeltbakery']",490,0.019948610137818266
0.9966932503404007,0.9833029264796012,49.96304220968683,5,"[u'#contest', u'#recipe']==>[u'#bakeryfreshfriends', u'#granola', u'#sunbeltbakery']",491,0.019948610137818266
1.0,0.9800513898621818,50.128805620608894,5,"[u'#recipe', u'#sunbeltbakery']==>[u'#bakeryfreshfriends', u'#contest', u'#granola']",492,0.019948610137818266
1.0,0.9800513898621818,50.128805620608894,5,"[u'#granola', u'#sunbeltbakery']==>[u'#bakeryfreshfriends', u'#contest', u'#recipe']",493,0.019948610137818266
1.0,0.9800513898621818,50.128805620608894,5,"[u'#bakeryfreshfriends', u'#sunbeltbakery']==>[u'#contest', u'#granola', u'#recipe']",494,0.019948610137818266
1.0,0.9800513898621818,50.128805620608894,5,"[u'#bakeryfreshfriends', u'#contest']==>[u'#granola', u'#recipe', u'#sunbeltbakery']",495,0.019948610137818266
1.0,0.9800513898621818,50.128805620608894,5,"[u'#contest', u'#sunbeltbakery']==>[u'#bakeryfreshfriends', u'#granola', u'#recipe']",496,0.019948610137818266
1.0,0.9799540605777466,49.885414643620116,5,"[u'#bakeryfreshfriends', u'#contest', u'#sunbeltbakery']==>[u'#granola', u'#recipe']",497,0.019948610137818266
1.0,0.9799852059487658,49.96304220968683,5,"[u'#bakeryfreshfriends', u'#granola', u'#sunbeltbakery']==>[u'#contest', u'#recipe']",498,0.019948610137818266
1.0,0.9800513898621818,50.128805620608894,5,"[u'#granola', u'#recipe', u'#sunbeltbakery']==>[u'#bakeryfreshfriends', u'#contest']",499,0.019948610137818266
1.0,0.9800513898621818,50.128805620608894,5,"[u'#bakeryfreshfriends', u'#granola', u'#recipe']==>[u'#contest', u'#sunbeltbakery']",500,0.019948610137818266
1.0,0.9800513898621818,50.128805620608894,5,"[u'#contest', u'#recipe', u'#sunbeltbakery']==>[u'#bakeryfreshfriends', u'#granola']",501,0.019948610137818266
1.0,0.9800513898621818,50.128805620608894,5,"[u'#bakeryfreshfriends', u'#recipe', u'#sunbeltbakery']==>[u'#contest', u'#granola']",502,0.019948610137818266
1.0,0.9800513898621818,50.128805620608894,5,"[u'#contest', u'#granola', u'#sunbeltbakery']==>[u'#bakeryfreshfriends', u'#recipe']",503,0.019948610137818266
1.0,0.9800513898621818,50.128805620608894,5,"[u'#bakeryfreshfriends', u'#contest', u'#granola']==>[u'#recipe', u'#sunbeltbakery']",504,0.019948610137818266
1.0,0.9800513898621818,50.128805620608894,5,"[u'#bakeryfreshfriends', u'#contest', u'#recipe']==>[u'#granola', u'#sunbeltbakery']",505,0.019948610137818266
1.0,0.9800513898621818,50.128805620608894,5,"[u'#contest', u'#granola', u'#recipe']==>[u'#bakeryfreshfriends', u'#sunbeltbakery']",506,0.019948610137818266
1.0,0.9800513898621818,50.128805620608894,5,"[u'#bakeryfreshfriends', u'#contest', u'#granola', u'#recipe']==>[u'#sunbeltbakery']",507,0.019948610137818266
1.0,0.9800474966908044,50.1190243902439,5,"[u'#contest', u'#granola', u'#recipe', u'#sunbeltbakery']==>[u'#bakeryfreshfriends']",508,0.019948610137818266
1.0,0.9797555088374991,49.39615384615385,5,"[u'#bakeryfreshfriends', u'#contest', u'#recipe', u'#sunbeltbakery']==>[u'#granola']",509,0.019948610137818266
1.0,0.9175582029120922,12.129769550434453,5,"[u'#bakeryfreshfriends', u'#contest', u'#granola', u'#sunbeltbakery']==>[u'#recipe']",510,0.019948610137818266
1.0,0.9794051234135327,48.555765595463136,5,"[u'#bakeryfreshfriends', u'#granola', u'#recipe', u'#sunbeltbakery']==>[u'#contest']",511,0.019948610137818266
0.9876638396299152,0.9922924688924666,49.51040863531226,6,"[u'#bananabread']==>[u'#bakeryfreshfriends', u'#contest', u'#granola', u'#recipe', u'#sunbeltbakery']",512,0.019948610137818266
0.9853846153846154,0.9945876712106451,49.396153846153844,6,"[u'#granola']==>[u'#bakeryfreshfriends', u'#bananabread', u'#contest', u'#recipe', u'#sunbeltbakery']",513,0.019948610137818266
0.9998048780487805,0.9802426567220299,50.119024390243894,6,"[u'#bakeryfreshfriends']==>[u'#bananabread', u'#contest', u'#granola', u'#recipe', u'#sunbeltbakery']",514,0.019948610137818266
1.0,0.9800513898621818,50.128805620608894,6,"[u'#sunbeltbakery']==>[u'#bakeryfreshfriends', u'#bananabread', u'#contest', u'#granola', u'#recipe']",515,0.019948610137818266
0.9686200378071833,1.0118016885969832,48.555765595463136,6,"[u'#contest']==>[u'#bakeryfreshfriends', u'#bananabread', u'#granola', u'#recipe', u'#sunbeltbakery']",516,0.019948610137818266
0.9951446882889882,0.9848330613583868,49.885414643620116,6,"[u'#granola', u'#recipe']==>[u'#bakeryfreshfriends', u'#bananabread', u'#contest', u'#sunbeltbakery']",517,0.019948610137818266
1.0,0.9800513898621818,50.128805620608894,6,"[u'#contest', u'#granola']==>[u'#bakeryfreshfriends', u'#bananabread', u'#recipe', u'#sunbeltbakery']",518,0.019948610137818266
1.0,0.9800513898621818,50.128805620608894,6,"[u'#bakeryfreshfriends', u'#recipe']==>[u'#bananabread', u'#contest', u'#granola', u'#sunbeltbakery']",519,0.019948610137818266
1.0,0.9800513898621818,50.128805620608894,6,"[u'#bakeryfreshfriends', u'#granola']==>[u'#bananabread', u'#contest', u'#recipe', u'#sunbeltbakery']",520,0.019948610137818266
1.0,0.9800513898621818,50.128805620608894,6,"[u'#bakeryfreshfriends', u'#sunbeltbakery']==>[u'#bananabread', u'#contest', u'#granola', u'#recipe']",521,0.019948610137818266
1.0,0.9800513898621818,50.128805620608894,6,"[u'#bananabread', u'#sunbeltbakery']==>[u'#bakeryfreshfriends', u'#contest', u'#granola', u'#recipe']",522,0.019948610137818266
0.9966932503404007,0.9833029264796012,49.96304220968683,6,"[u'#contest', u'#recipe']==>[u'#bakeryfreshfriends', u'#bananabread', u'#granola', u'#sunbeltbakery']",523,0.019948610137818266
0.9988304093567252,0.981198991021271,50.070175438596486,6,"[u'#bananabread', u'#granola']==>[u'#bakeryfreshfriends', u'#contest', u'#recipe', u'#sunbeltbakery']",524,0.019948610137818266
0.991869918699187,0.9880845979758063,49.721254355400696,6,"[u'#bananabread', u'#recipe']==>[u'#bakeryfreshfriends', u'#contest', u'#granola', u'#sunbeltbakery']",525,0.019948610137818266
1.0,0.9800513898621818,50.128805620608894,6,"[u'#bakeryfreshfriends', u'#bananabread']==>[u'#contest', u'#granola', u'#recipe', u'#sunbeltbakery']",526,0.019948610137818266
1.0,0.9800513898621818,50.128805620608894,6,"[u'#bananabread', u'#contest']==>[u'#bakeryfreshfriends', u'#granola', u'#recipe', u'#sunbeltbakery']",527,0.019948610137818266
1.0,0.9800513898621818,50.128805620608894,6,"[u'#bakeryfreshfriends', u'#contest']==>[u'#bananabread', u'#granola', u'#recipe', u'#sunbeltbakery']",528,0.019948610137818266
1.0,0.9800513898621818,50.128805620608894,6,"[u'#contest', u'#sunbeltbakery']==>[u'#bakeryfreshfriends', u'#bananabread', u'#granola', u'#recipe']",529,0.019948610137818266
1.0,0.9800513898621818,50.128805620608894,6,"[u'#granola', u'#sunbeltbakery']==>[u'#bakeryfreshfriends', u'#bananabread', u'#contest', u'#recipe']",530,0.019948610137818266
1.0,0.9800513898621818,50.128805620608894,6,"[u'#recipe', u'#sunbeltbakery']==>[u'#bakeryfreshfriends', u'#bananabread', u'#contest', u'#granola']",531,0.019948610137818266
1.0,0.9800513898621818,50.128805620608894,6,"[u'#bananabread', u'#granola', u'#sunbeltbakery']==>[u'#bakeryfreshfriends', u'#contest', u'#recipe']",532,0.019948610137818266
1.0,0.9800280308339173,50.07017543859649,6,"[u'#bakeryfreshfriends', u'#contest', u'#sunbeltbakery']==>[u'#bananabread', u'#granola', u'#recipe']",533,0.019948610137818266
1.0,0.9800513898621818,50.128805620608894,6,"[u'#bananabread', u'#contest', u'#recipe']==>[u'#bakeryfreshfriends', u'#granola', u'#sunbeltbakery']",534,0.019948610137818266
1.0,0.9800513898621818,50.128805620608894,6,"[u'#bakeryfreshfriends', u'#granola', u'#sunbeltbakery']==>[u'#bananabread', u'#contest', u'#recipe']",535,0.019948610137818266
1.0,0.9800513898621818,50.128805620608894,6,"[u'#granola', u'#recipe', u'#sunbeltbakery']==>[u'#bakeryfreshfriends', u'#bananabread', u'#contest']",536,0.019948610137818266
1.0,0.9800513898621818,50.128805620608894,6,"[u'#bakeryfreshfriends', u'#granola', u'#recipe']==>[u'#bananabread', u'#contest', u'#sunbeltbakery']",537,0.019948610137818266
1.0,0.9800513898621818,50.128805620608894,6,"[u'#bakeryfreshfriends', u'#bananabread', u'#contest']==>[u'#granola', u'#recipe', u'#sunbeltbakery']",538,0.019948610137818266
1.0,0.9800513898621818,50.128805620608894,6,"[u'#contest', u'#recipe', u'#sunbeltbakery']==>[u'#bakeryfreshfriends', u'#bananabread', u'#granola']",539,0.019948610137818266
1.0,0.9800513898621818,50.128805620608894,6,"[u'#bakeryfreshfriends', u'#recipe', u'#sunbeltbakery']==>[u'#bananabread', u'#contest', u'#granola']",540,0.019948610137818266
1.0,0.9800513898621818,50.128805620608894,6,"[u'#bakeryfreshfriends', u'#bananabread', u'#sunbeltbakery']==>[u'#contest', u'#granola', u'#recipe']",541,0.019948610137818266
1.0,0.9800513898621818,50.128805620608894,6,"[u'#bakeryfreshfriends', u'#bananabread', u'#granola']==>[u'#contest', u'#recipe', u'#sunbeltbakery']",542,0.019948610137818266
1.0,0.9800513898621818,50.128805620608894,6,"[u'#bakeryfreshfriends', u'#bananabread', u'#recipe']==>[u'#contest', u'#granola', u'#sunbeltbakery']",543,0.019948610137818266
0.9988304093567252,0.981198991021271,50.070175438596486,6,"[u'#bananabread', u'#granola', u'#recipe']==>[u'#bakeryfreshfriends', u'#contest', u'#sunbeltbakery']",544,0.019948610137818266
1.0,0.9800513898621818,50.128805620608894,6,"[u'#bananabread', u'#contest', u'#sunbeltbakery']==>[u'#bakeryfreshfriends', u'#granola', u'#recipe']",545,0.019948610137818266
1.0,0.9800513898621818,50.128805620608894,6,"[u'#contest', u'#granola', u'#recipe']==>[u'#bakeryfreshfriends', u'#bananabread', u'#sunbeltbakery']",546,0.019948610137818266
1.0,0.9800513898621818,50.128805620608894,6,"[u'#contest', u'#granola', u'#sunbeltbakery']==>[u'#bakeryfreshfriends', u'#bananabread', u'#recipe']",547,0.019948610137818266
1.0,0.9800513898621818,50.128805620608894,6,"[u'#bananabread', u'#contest', u'#granola']==>[u'#bakeryfreshfriends', u'#recipe', u'#sunbeltbakery']",548,0.019948610137818266
1.0,0.9800513898621818,50.128805620608894,6,"[u'#bakeryfreshfriends', u'#contest', u'#granola']==>[u'#bananabread', u'#recipe', u'#sunbeltbakery']",549,0.019948610137818266
1.0,0.9800513898621818,50.128805620608894,6,"[u'#bakeryfreshfriends', u'#contest', u'#recipe']==>[u'#bananabread', u'#granola', u'#sunbeltbakery']",550,0.019948610137818266
1.0,0.9800513898621818,50.128805620608894,6,"[u'#bananabread', u'#recipe', u'#sunbeltbakery']==>[u'#bakeryfreshfriends', u'#contest', u'#granola']",551,0.019948610137818266
1.0,0.9800513898621818,50.128805620608894,6,"[u'#bananabread', u'#granola', u'#recipe', u'#sunbeltbakery']==>[u'#bakeryfreshfriends', u'#contest']",552,0.019948610137818266
1.0,0.9800280308339173,50.07017543859649,6,"[u'#bakeryfreshfriends', u'#contest', u'#recipe', u'#sunbeltbakery']==>[u'#bananabread', u'#granola']",553,0.019948610137818266
1.0,0.9800513898621818,50.128805620608894,6,"[u'#contest', u'#granola', u'#recipe', u'#sunbeltbakery']==>[u'#bakeryfreshfriends', u'#bananabread']",554,0.019948610137818266
1.0,0.9800513898621818,50.128805620608894,6,"[u'#bananabread', u'#contest', u'#granola', u'#recipe']==>[u'#bakeryfreshfriends', u'#sunbeltbakery']",555,0.019948610137818266
1.0,0.9799540605777466,49.885414643620116,6,"[u'#bakeryfreshfriends', u'#bananabread', u'#contest', u'#sunbeltbakery']==>[u'#granola', u'#recipe']",556,0.019948610137818266
1.0,0.9800513898621818,50.128805620608894,6,"[u'#bananabread', u'#contest', u'#granola', u'#sunbeltbakery']==>[u'#bakeryfreshfriends', u'#recipe']",557,0.019948610137818266
1.0,0.9800513898621818,50.128805620608894,6,"[u'#bakeryfreshfriends', u'#bananabread', u'#contest', u'#recipe']==>[u'#granola', u'#sunbeltbakery']",558,0.019948610137818266
1.0,0.9800513898621818,50.128805620608894,6,"[u'#bakeryfreshfriends', u'#granola', u'#recipe', u'#sunbeltbakery']==>[u'#bananabread', u'#contest']",559,0.019948610137818266
1.0,0.9800513898621818,50.128805620608894,6,"[u'#bakeryfreshfriends', u'#contest', u'#granola', u'#recipe']==>[u'#bananabread', u'#sunbeltbakery']",560,0.019948610137818266
1.0,0.9800513898621818,50.128805620608894,6,"[u'#bakeryfreshfriends', u'#bananabread', u'#recipe', u'#sunbeltbakery']==>[u'#contest', u'#granola']",561,0.019948610137818266
1.0,0.9800513898621818,50.128805620608894,6,"[u'#bakeryfreshfriends', u'#bananabread', u'#granola', u'#recipe']==>[u'#contest', u'#sunbeltbakery']",562,0.019948610137818266
1.0,0.9800513898621818,50.128805620608894,6,"[u'#bakeryfreshfriends', u'#bananabread', u'#contest', u'#granola']==>[u'#recipe', u'#sunbeltbakery']",563,0.019948610137818266
1.0,0.9798878766643307,49.721254355400696,6,"[u'#bakeryfreshfriends', u'#contest', u'#granola', u'#sunbeltbakery']==>[u'#bananabread', u'#recipe']",564,0.019948610137818266
1.0,0.9799852059487658,49.96304220968683,6,"[u'#bakeryfreshfriends', u'#bananabread', u'#granola', u'#sunbeltbakery']==>[u'#contest', u'#recipe']",565,0.019948610137818266
1.0,0.9800513898621818,50.128805620608894,6,"[u'#bananabread', u'#contest', u'#recipe', u'#sunbeltbakery']==>[u'#bakeryfreshfriends', u'#granola']",566,0.019948610137818266
1.0,0.9175582029120922,12.129769550434453,6,"[u'#bakeryfreshfriends', u'#bananabread', u'#contest', u'#granola', u'#sunbeltbakery']==>[u'#recipe']",567,0.019948610137818266
1.0,0.9800513898621818,50.128805620608894,6,"[u'#bakeryfreshfriends', u'#bananabread', u'#contest', u'#granola', u'#recipe']==>[u'#sunbeltbakery']",568,0.019948610137818266
1.0,0.9797555088374991,49.39615384615385,6,"[u'#bakeryfreshfriends', u'#bananabread', u'#contest', u'#recipe', u'#sunbeltbakery']==>[u'#granola']",569,0.019948610137818266
1.0,0.9798022268940279,49.51040863531227,6,"[u'#bakeryfreshfriends', u'#contest', u'#granola', u'#recipe', u'#sunbeltbakery']==>[u'#bananabread']",570,0.019948610137818266
1.0,0.9800474966908044,50.1190243902439,6,"[u'#bananabread', u'#contest', u'#granola', u'#recipe', u'#sunbeltbakery']==>[u'#bakeryfreshfriends']",571,0.019948610137818266
1.0,0.9794051234135327,48.555765595463136,6,"[u'#bakeryfreshfriends', u'#bananabread', u'#granola', u'#recipe', u'#sunbeltbakery']==>[u'#contest']",572,0.019948610137818266
